Specimen_ID,Imaged_Date,BSE_vs._SE,DeepBryo_Measured_Date,State,Station,Sample,Genus,Species,Reproductive_Mode,Colony_Mass_g,MaxColonyDiameter_mm,Notes
B1,9/18/23,SE,02/01/24,AL,24,97D,Discoporella,depressa,Aclonal,,5.33,
B2,9/27/23,SE,02/01/24,AL,24,97D,Discoporella,depressa,Aclonal,,4.43,
B3,1/27/24,SE,02/01/24,AL,24,97D,Discoporella,depressa,Aclonal,,4.63,
B4,1/27/24,SE,02/01/24,AL,24,97D,Discoporella,depressa,Aclonal,,4.49,
B5,1/27/24,SE,02/01/24,AL,24,97D,Discoporella,depressa,Aclonal,,4.54,
B6,02/02/24,SE,02/01/24,AL,24,97D,Discoporella,depressa,Aclonal,,,
B7,02/02/24,SE,02/01/24,AL,24,97D,Discoporella,depressa,Clonal,,7.36,
B8,02/02/24,SE,02/01/24,AL,24,97D,Reussirella,doma,Aclonal,,3.11,"wax, reimage?"
B9,02/02/24,SE,02/01/24,AL,24,97D,Reussirella,doma,Aclonal,,2.6,
B10,02/02/24,SE,02/01/24,AL,24,97D,Reussirella,doma,Aclonal,,2.7,
B11,02/02/24,SE,02/01/24,AL,24,97D,Reussirella,doma,Aclonal,,2.45,
B12,02/02/24,SE,02/01/24,AL,24,97D,Reussirella,doma,Aclonal,,3.07,
B13,02/02/24,SE,02/01/24,AL,24,97D,Reussirella,doma,Aclonal,,2.61,
B14,02/02/24,SE,02/01/24,AL,24,97D,Discoporella,depressa,Clonal,,2.44,
B15,02/02/24,SE,02/01/24,AL,25,6D,Discoporella,depressa,Clonal,,3.92,
B16,02/02/24,SE,02/01/24,AL,25,6D,Reussirella,doma,Aclonal,,2.16,
B17,02/02/24,SE,02/01/24,AL,25,6D,Reussirella,doma,Aclonal,,2.06,
B18,02/02/24,SE,02/01/24,AL,25,6D,Reussirella,doma,Aclonal,,2.47,
B19,02/08/24,BSE ,02/01/24,AL,25,6D,Reussirella,doma,Aclonal,,2.14,
B20,02/08/24,BSE ,02/01/24,AL,25,6D,Reussirella,doma,Aclonal,,2.18,"wax, reimage?"
B21,02/08/24,BSE ,02/01/24,AL,25,6D,Reussirella,doma,Aclonal,,2.19,
B22,02/08/24,BSE ,02/01/24,AL,25,6D,Discoporella,depressa,Aclonal,,3.9,
B23,02/08/24,BSE ,02/01/24,AL,25,6D,Discoporella,depressa,Aclonal,,3.31,
B24,02/08/24,BSE ,02/01/24,AL,22,56D,Discoporella,depressa,Clonal,,3.95,
B25,02/08/24,BSE ,02/01/24,AL,22,56D,Discoporella,depressa,Clonal,,2.82,
B26,02/08/24,BSE ,02/01/24,AL,22,56D,Discoporella,depressa,Aclonal,,4.93,
B27,02/08/24,BSE ,02/01/24,AL,22,56D,Discoporella,depressa,Aclonal,,2.3,
B28,02/08/24,BSE ,02/01/24,AL,22,56D,Reussirella,doma,Aclonal,,2.01,
B29,02/08/24,BSE ,02/01/24,AL,22,56D,Reussirella,doma,Aclonal,,2.2,
B30,02/08/24,BSE ,02/01/24,AL,22,56D,Reussirella,doma,Aclonal,,2.22,
B31,02/09/24,BSE ,02/01/24,AL,22,56D,Reussirella,doma,Aclonal,,1.89,
B32,02/09/24,BSE ,02/01/24,AL,22,56D,Reussirella,doma,Aclonal,,2.19,
B33,02/09/24,BSE ,02/01/24,AL,22,58D,Reussirella,doma,Aclonal,,2.07,
B34,02/09/24,BSE ,02/01/24,AL,22,58D,Reussirella,doma,Aclonal,,2.2,
B35,02/09/24,BSE ,02/01/24,AL,22,58D,Reussirella,doma,Aclonal,,2.34,
B36,02/09/24,BSE,02/01/24,AL,22,58D,Reussirella,doma,Aclonal,,2.1,
B37,02/09/24,SE,02/01/24,AL,22,58D,Reussirella,doma,Aclonal,,2.22,
B38,02/09/24,SE,02/01/24,AL,22,58D,Reussirella,doma,Aclonal,,2.08,
B39,02/09/24,SE,02/01/24,AL,22,58D,Discoporella,depressa,Clonal,,2.57,
B40,02/09/24,SE,02/01/24,AL,22,58D,Discoporella,depressa,Aclonal,,3.97,
B41,02/09/24,SE,02/01/24,AL,22,58D,Discoporella,depressa,Aclonal,,2.96,
B42,02/09/24,SE,02/01/24,AL,22,58D,Discoporella,depressa,Aclonal,,3.13,
B43,02/09/24,SE,02/01/24,AL,22,60D,Discoporella,depressa,Aclonal,,3.85,
B44,02/09/24,SE,02/01/24,AL,22,60D,Discoporella,depressa,Aclonal,,3.06,
B45,02/09/24,SE,02/01/24,AL,22,60D,Discoporella,depressa,Aclonal,,3.92,
B46,02/09/24,SE,02/01/24,AL,22,60D,Reussirella,doma,Aclonal,,2.13,
B47,02/09/24,SE,02/01/24,AL,22,60D,Reussirella,doma,Aclonal,,2.21,
B48,02/09/24,SE,02/01/24,AL,22,60D,Reussirella,doma,Aclonal,,2.32,
B49,02/18/24,SE,02/01/24,AL,22,60D,Reussirella,doma,Aclonal,,2.24,
B50,02/18/24,SE,02/01/24,AL,22,60D,Reussirella,doma,Aclonal,,2.36,
B51,02/18/24,SE,02/01/24,AL,22,60D,Reussirella,doma,Aclonal,,2.14,
B52,02/18/24,SE,02/01/24,AL,22,60D,Reussirella,doma,Aclonal,,2.22,
B53,02/18/24,SE,02/01/24,AL,22,60D,Reussirella,doma,Aclonal,,2.33,
B54,02/18/24,SE,02/01/24,AL,22,60D,Reussirella,doma,Aclonal,,2.3,
B55,02/18/24,SE,02/01/24,AL,22,60D,Reussirella,doma,Aclonal,,2.17,
B56,02/18/24,SE,02/01/24,AL,22,60D,Reussirella,doma,Aclonal,,2.36,
B57,02/18/24,SE,02/01/24,AL,22,60D,Reussirella,doma,Aclonal,,2.1,
B58,02/18/24,SE,02/01/24,AL,22,60D,Reussirella,doma,Aclonal,,2.42,
B59,02/18/24,SE,02/01/24,AL,22,60D,Reussirella,doma,Aclonal,,2.16,
B60,02/18/24,SE,02/01/24,AL,22,60D,Reussirella,doma,Aclonal,,2.42,
B61,02/18/24,SE,02/01/24,AL,22,60D,Reussirella,doma,Aclonal,,2.14,
B62,02/18/24,SE,02/01/24,AL,22,60D,Discoporella,depressa,Clonal,,5.21,
B63,02/18/24,SE,02/01/24,AL,22,60D,Discoporella,depressa,Clonal,,4.97,
B64,02/18/24,SE,02/01/24,AL,22,60D,Discoporella,depressa,Clonal,,3.21,
B65,02/18/24,SE,02/01/24,AL,22,60D,Discoporella,depressa,Clonal,,3.57,
B66,02/18/24,SE,02/01/24,AL,22,60D,Discoporella,depressa,Clonal,,2.42,
B67,02/19/24,SE,02/01/24,AL,24,104D,Reussirella,doma,Aclonal,,2.17,
B68,02/19/24,SE,02/01/24,AL,24,104D,Reussirella,doma,Aclonal,,2.24,
B69,02/19/24,SE,02/01/24,AL,23,34D,Reussirella,doma,Aclonal,,2.1,
B70,02/19/24,SE,02/01/24,AL,23,34D,Reussirella,doma,Aclonal,,2.25,
B71,02/19/24,SE,02/01/24,AL,23,34D,Reussirella,doma,Aclonal,,2.19,
B72,02/19/24,SE,02/01/24,AL,23,34D,Reussirella,doma,Aclonal,,2.18,
B73,02/19/24,SE,02/01/24,AL,23,34D,Reussirella,doma,Aclonal,,2.3,"wax, poor condition"
B74,02/19/24,SE,02/01/24,AL,23,34D,Reussirella,doma,Aclonal,,2.07,
B75,02/19/24,SE,02/01/24,AL,23,34D,Reussirella,doma,Aclonal,,2.13,
B76,02/19/24,SE,02/01/24,AL,23,34D,Reussirella,doma,Aclonal,,2.22,
B77,02/19/24,SE,02/01/24,AL,23,34D,Reussirella,doma,Aclonal,,2.17,
B78,02/19/24,SE,02/01/24,AL,23,34D,Reussirella,doma,Aclonal,,2.02,
B79,02/19/24,SE,02/01/24,AL,23,34D,Reussirella,doma,Aclonal,,2.02,
B80,02/19/24,SE,02/01/24,AL,23,34D,Reussirella,doma,Aclonal,,2.09,
B81,02/19/24,SE,02/01/24,AL,23,34D,Reussirella,doma,Aclonal,,2.23,
B82,02/19/24,SE,02/01/24,AL,23,34D,Reussirella,doma,Aclonal,,2.01,
B83,02/19/24,SE,02/01/24,AL,23,34D,Reussirella,doma,Aclonal,,1.96,
B84,02/19/24,SE,02/01/24,AL,23,34D,Reussirella,doma,Aclonal,,2.22,
B85,02/19/24,SE,02/01/24,AL,23,34D,Reussirella,doma,Aclonal,,1.97,
B86,02/19/24,SE,02/01/24,AL,23,34D,Reussirella,doma,Aclonal,,2.05,
B87,02/20/24,SE,02/01/24,AL,23,34D,Reussirella,doma,Aclonal,,2.34,
B88,02/20/24,SE,02/01/24,AL,23,34D,Reussirella,doma,Aclonal,,2.03,
B89,02/20/24,SE,02/01/24,AL,23,34D,Reussirella,doma,Aclonal,,2.19,
B90,02/20/24,SE,02/01/24,AL,23,34D,Reussirella,doma,Aclonal,,2.21,
B91,02/20/24,SE,02/01/24,AL,23,34D,Reussirella,doma,Aclonal,,1.84,
B92,02/20/24,SE,02/01/24,AL,23,34D,Reussirella,doma,Aclonal,,2.23,
B93,02/20/24,SE,02/01/24,AL,23,34D,Reussirella,doma,Aclonal,,1.96,
B94,02/20/24,SE,02/01/24,AL,23,34D,Reussirella,doma,Aclonal,,2.02,
B95,02/20/24,SE,02/01/24,AL,23,34D,Reussirella,doma,Aclonal,,2.25,
B96,02/20/24,SE,02/01/24,AL,23,34D,Reussirella,doma,Aclonal,,2.26,
B97,02/20/24,SE,02/01/24,AL,23,34D,Reussirella,doma,Aclonal,,2.07,
B98,02/20/24,SE,02/01/24,AL,23,34D,Reussirella,doma,Aclonal,,2.17,
B99,02/20/24,SE,02/01/24,AL,23,34D,Reussirella,doma,Aclonal,,2.08,
B100,02/20/24,SE,02/01/24,AL,23,34D,Reussirella,doma,Aclonal,,2.13,
B101,02/20/24,SE,02/01/24,AL,23,34D,Reussirella,doma,Aclonal,,2.19,
B102,02/20/24,SE,02/01/24,AL,23,34D,Reussirella,doma,Aclonal,,2.14,
B103,02/21/24,SE,02/23/24,FL,22,28D,Reussirella,doma,Aclonal,,2.91,
B104,02/22/24,SE,02/23/24,FL,22,28D,Reussirella,doma,Aclonal,,2.44,
B105,02/23/24,BSE,02/23/24,FL,22,28D,Reussirella,doma,Aclonal,,2.66,
B106,02/24/24,BSE,02/23/24,FL,22,28D,Reussirella,doma,Aclonal,,2.45,
B107,02/25/24,BSE,02/23/24,FL,22,28D,Reussirella,doma,Aclonal,,2.77,
B108,02/26/24,BSE,02/23/24,FL,22,28D,Reussirella,doma,Aclonal,,2.73,
B109,02/27/24,BSE,02/23/24,FL,22,28D,Reussirella,doma,Aclonal,,3.05,
B110,02/28/24,BSE,02/23/24,FL,22,28D,Reussirella,doma,Aclonal,,4.15,
B111,02/29/24,BSE,02/23/24,FL,22,28D,Reussirella,doma,Aclonal,,2.93,
B112,03/01/24,BSE,02/23/24,FL,22,28D,Reussirella,doma,Aclonal,,2.78,
B113,03/02/24,BSE,02/23/24,FL,22,28D,Reussirella,doma,Aclonal,,2.99,
B114,03/03/24,BSE,02/23/24,FL,22,28D,Reussirella,doma,Aclonal,,2.82,
B115,03/04/24,BSE,02/23/24,FL,22,28D,Reussirella,doma,Aclonal,,2.76,
B116,03/05/24,BSE,02/23/24,FL,22,28D,Reussirella,doma,Aclonal,,2.76,
B117,03/06/24,BSE,02/23/24,FL,22,28D,Reussirella,doma,Aclonal,,2.48,
B118,03/07/24,BSE,02/23/24,FL,22,28D,Reussirella,doma,Aclonal,,2.88,
B119,03/08/24,BSE,02/23/24,FL,22,28D,Reussirella,doma,Aclonal,,2.66,
B120,03/09/24,BSE,02/23/24,FL,22,28D,Reussirella,doma,Aclonal,,2.46,
B121,03/10/24,BSE,02/23/24,FL,22,28D,Reussirella,doma,Aclonal,,2.59,
B122,03/11/24,BSE,02/23/24,FL,22,28D,Reussirella,doma,Aclonal,,2.75,
B123,03/12/24,BSE,02/23/24,FL,22,28D,Reussirella,doma,Aclonal,,2.68,
B124,03/13/24,BSE,02/23/24,FL,22,28D,Reussirella,doma,Aclonal,,2.88,
B125,03/14/24,BSE,02/23/24,FL,22,28D,Reussirella,doma,Aclonal,,2.61,
B126,03/15/24,BSE,02/23/24,FL,22,28D,Reussirella,doma,Aclonal,,2.97,
B127,03/16/24,BSE,02/23/24,FL,22,28D,Reussirella,doma,Aclonal,,2.69,
B128,03/17/24,BSE,02/23/24,FL,22,28D,Reussirella,doma,Aclonal,,2.72,
B129,03/18/24,BSE,02/23/24,FL,22,28D,Reussirella,doma,Aclonal,,2.73,
B130,03/19/24,BSE,02/23/24,FL,22,28D,Reussirella,doma,Aclonal,,2.5,
B131,03/20/24,BSE,02/23/24,FL,22,28D,Reussirella,doma,Aclonal,,2.66,
B132,03/21/24,BSE,02/23/24,FL,22,28D,Reussirella,doma,Aclonal,,2.61,
B133,03/22/24,BSE,02/23/24,FL,22,28D,Reussirella,doma,Aclonal,,2.71,
B134,03/23/24,BSE,02/23/24,FL,22,28D,Reussirella,doma,Aclonal,,3.06,
B135,03/24/24,BSE,02/23/24,FL,22,28D,Reussirella,doma,Aclonal,,3.05,
B136,03/25/24,BSE,02/23/24,FL,22,28D,Reussirella,doma,Aclonal,,2.81,
B137,03/26/24,BSE,02/23/24,FL,22,28D,Reussirella,doma,Aclonal,,2.73,
B138,03/27/24,BSE,02/23/24,FL,22,28D,Reussirella,doma,Aclonal,,2.74,
B139,03/28/24,BSE,02/23/24,FL,22,28D,Reussirella,doma,Aclonal,,2.83,
B140,03/29/24,BSE,02/23/24,FL,22,28D,Reussirella,doma,Aclonal,,2.64,
B141,03/30/24,BSE,02/23/24,FL,22,28D,Reussirella,doma,Aclonal,,2.5,
B142,03/31/24,BSE,02/23/24,FL,22,28D,Reussirella,doma,Aclonal,,2.77,
B143,04/01/24,BSE,02/23/24,FL,22,28D,Reussirella,doma,Aclonal,,2.57,
B144,04/02/24,BSE,02/23/24,FL,22,28D,Reussirella,doma,Aclonal,,2.71,
B145,04/03/24,BSE,02/23/24,FL,22,28D,Reussirella,doma,Aclonal,,2.78,
B146,04/04/24,BSE,02/23/24,FL,22,28D,Reussirella,doma,Aclonal,,2.62,
B147,04/05/24,BSE,02/23/24,FL,22,28D,Reussirella,doma,Aclonal,,3.03,
B148,04/06/24,BSE,02/23/24,FL,22,28D,Reussirella,doma,Aclonal,,2.53,
B149,04/07/24,BSE,02/23/24,FL,22,28D,Reussirella,doma,Aclonal,,2.47,
B150,04/08/24,BSE,02/23/24,FL,22,28D,Reussirella,doma,Aclonal,,3.03,
B151,04/09/24,BSE,02/23/24,FL,22,28D,Discoporella,depressa,Aclonal,,5.56,
B152,04/10/24,BSE,02/23/24,FL,22,28D,Discoporella,depressa,Aclonal,,4.51,
B153,04/11/24,BSE,02/23/24,FL,22,28D,Discoporella,depressa,Aclonal,,5.31,
B154,04/12/24,BSE,02/23/24,FL,22,28D,Discoporella,depressa,Aclonal,,5,
B155,04/13/24,BSE,02/23/24,FL,22,28D,Discoporella,depressa,Aclonal,,5.05,
B156,04/14/24,BSE,02/23/24,FL,22,28D,Discoporella,depressa,Aclonal,,5.98,
B157,04/15/24,BSE,02/23/24,FL,22,28D,Discoporella,depressa,Aclonal,,5.13,
B158,04/16/24,BSE,02/23/24,FL,22,28D,Discoporella,depressa,Aclonal,,4.22,
B159,04/17/24,BSE,02/23/24,FL,22,28D,Discoporella,depressa,Aclonal,,5.47,
B160,04/18/24,BSE,02/23/24,FL,22,28D,Discoporella,depressa,Aclonal,,5.49,
B161,04/19/24,BSE,02/23/24,FL,22,28D,Discoporella,depressa,Aclonal,,5.56,
B162,04/20/24,BSE,02/23/24,FL,22,28D,Discoporella,depressa,Aclonal,,3.63,
B163,04/21/24,BSE,02/23/24,FL,22,28D,Discoporella,depressa,Aclonal,,3.64,
B164,04/22/24,BSE,02/23/24,FL,22,28D,Discoporella,depressa,Aclonal,,3,
B165,04/23/24,BSE,02/23/24,FL,22,28D,Discoporella,depressa,Aclonal,,3.44,
B166,04/24/24,BSE,02/23/24,FL,22,28D,Discoporella,depressa,Aclonal,,4.34,
B167,04/25/24,BSE,02/23/24,FL,22,28D,Discoporella,depressa,Aclonal,,4.55,
B168,04/26/24,BSE,02/23/24,FL,22,28D,Discoporella,depressa,Aclonal,,4.04,
B169,04/27/24,BSE,02/23/24,FL,22,28D,Discoporella,depressa,Aclonal,,7.46,
B170,04/28/24,BSE,02/23/24,FL,22,28D,Discoporella,depressa,Aclonal,,6.13,
B171,04/29/24,BSE,02/23/24,FL,22,28D,Discoporella,depressa,Aclonal,,4.41,
B172,04/30/24,BSE,02/23/24,FL,22,28D,Discoporella,depressa,Aclonal,,4.43,
B173,05/01/24,BSE,02/23/24,FL,22,28D,Discoporella,depressa,Aclonal,,4.28,
B174,05/02/24,BSE,02/23/24,FL,22,28D,Discoporella,depressa,Aclonal,,redo,
B175,05/03/24,BSE,02/23/24,FL,22,28D,Discoporella,depressa,Aclonal,,4.37,
B176,05/04/24,BSE,02/23/24,FL,22,28D,Discoporella,depressa,Aclonal,,4.99,
B177,05/05/24,BSE,02/23/24,FL,22,28D,Discoporella,depressa,Aclonal,,3.68,
B178,05/06/24,BSE,02/23/24,FL,22,28D,Discoporella,depressa,Clonal,,4.82,
B179,05/07/24,BSE,02/23/24,FL,22,28D,Discoporella,depressa,Clonal,,3.33,
B180,05/08/24,BSE,02/23/24,FL,22,28D,Discoporella,depressa,Clonal,,3.03,
B181,05/09/24,BSE,02/23/24,FL,22,28D,Discoporella,depressa,Clonal,,2.89,
B182,05/10/24,BSE,02/23/24,FL,22,28D,Discoporella,depressa,Clonal,,4.57,
B183,05/11/24,BSE,02/23/24,FL,22,28D,Discoporella,depressa,Clonal,,5.75,
B184,05/12/24,BSE,02/23/24,FL,22,28D,Discoporella,depressa,Clonal,,3.2,
B185,05/13/24,BSE,02/23/24,FL,22,28D,Discoporella,depressa,Clonal,,3.77,
B186,05/14/24,BSE,02/23/24,FL,22,28D,Discoporella,depressa,Clonal,,4.12,
B187,05/15/24,BSE,02/23/24,FL,22,28D,Discoporella,depressa,Clonal,,3.19,
B188,05/16/24,BSE,02/23/24,FL,22,28D,Discoporella,depressa,Clonal,,3.62,
B189,05/17/24,BSE,02/23/24,FL,22,28D,Discoporella,depressa,Aclonal,,5.22,
B190,05/18/24,BSE,02/23/24,FL,22,28D,Discoporella,depressa,Aclonal,,5.57,
B191,05/19/24,BSE,02/23/24,FL,22,28D,Discoporella,depressa,Aclonal,,5.29,
B192,05/20/24,BSE,02/23/24,FL,22,28D,Discoporella,depressa,Aclonal,,5.22,
B193,05/21/24,BSE,02/23/24,FL,22,28D,Discoporella,depressa,Aclonal,,3.88,
B194,05/22/24,BSE,02/23/24,FL,22,28D,Discoporella,depressa,Aclonal,,4.61,
B195,05/23/24,BSE,02/23/24,FL,22,28D,Discoporella,depressa,Aclonal,,5.57,
B196,05/24/24,BSE,02/23/24,FL,22,28D,Discoporella,depressa,Aclonal,,4.84,
B197,05/25/24,BSE,02/23/24,FL,22,28D,Discoporella,depressa,Aclonal,,4.24,
B198,05/26/24,BSE,02/23/24,FL,22,28D,Discoporella,depressa,Aclonal,,4.4,
B199,05/27/24,BSE,02/23/24,FL,22,28D,Discoporella,depressa,Aclonal,,5.32,
B200,05/28/24,BSE,02/23/24,FL,22,28D,Discoporella,depressa,Aclonal,,4.39,
B201,6/11/2024,SE,7/2/24,AL,23,34D,Discoporella,depressa,Clonal,,4.74,
B202,6/11/2024,SE,7/2/24,AL,23,34D,Discoporella,depressa,Clonal,,4.31,
B203,6/11/2024,SE,,AL,23,34D,Discoporella,depressa,Aclonal,,4.1,image again tillt 1?
B204,6/11/2024,SE,7/2/24,AL,23,34D,Discoporella,depressa,Aclonal,,4.92,wax
B205,6/11/2024,SE,7/2/24,AL,23,34D,Discoporella,depressa,Aclonal,,5.21,
B206,6/11/2024,SE,7/2/24,AL,23,34D,Discoporella,depressa,Aclonal,,3.75,missing tilt 0
B207,6/11/2024,SE,7/2/24,AL,23,34D,Discoporella,depressa,Aclonal,,3.31,
B208,6/11/2024,SE,7/2/24,AL,23,34D,Discoporella,depressa,Aclonal,,3.9,
B209,6/12/2024,SE,7/2/24,AL,23,34D,Discoporella,depressa,Aclonal,,3.9,
B210,6/12/2024,SE,7/2/24,AL,23,34D,Cupuladria,,Clonal,,4.64,
B211,6/12/2024,SE,7/2/24,AL,23,34D,Cupuladria,,Clonal,,3.99,
B212,6/12/2024,SE,7/2/24,AL,23,34D,Reussirella,doma,Aclonal,,2.47,
B213,6/12/2024,SE,7/2/24,AL,23,34D,Reussirella,doma,Aclonal,,2.71,wax
B214,6/12/2024,SE,7/2/24,AL,23,34D,Reussirella,doma,Aclonal,,2.53,poor condition + small amount of wax
B215,6/12/2024,SE,7/2/24,AL,23,34D,Reussirella,doma,Aclonal,,3.02,small bit of wax
B216,6/12/2024,SE,7/2/24,FL,22,28D,Discoporella,depressa,Aclonal,,5.25,CRACKED
B217,6/12/2024,SE,7/2/24,FL,22,28D,Discoporella,depressa,Aclonal,,3.9,
B218,6/12/2024,SE,7/2/24,FL,22,28D,Discoporella,depressa,Aclonal,,5.14,
B219,6/12/2024,SE,7/2/24,FL,22,28D,Discoporella,depressa,Aclonal,,7.05,
B220,6/12/2024,SE,7/2/24,FL,22,28D,Discoporella,depressa,Aclonal,,5.52,
B221,6/12/2024,SE,7/2/24,FL,22,28D,Discoporella,depressa,Aclonal,,3.04,
B222,6/12/2024,SE,7/2/24,FL,22,28D,Discoporella,depressa,Aclonal,,5.23,
B223,6/12/2024,SE,7/2/24,FL,22,28D,Discoporella,depressa,Aclonal,,3.36,
B224,6/12/2024,SE,7/2/24,FL,22,28D,Discoporella,depressa,Aclonal,,4.72,
B225,6/12/2024,SE,,FL,22,28D,Discoporella,depressa,Aclonal,,3.36,wax
B226,6/12/2024,SE,7/2/24,FL,22,28D,Discoporella,depressa,Aclonal,,3.12,
B227,6/12/2024,SE,7/2/24,FL,22,28D,Discoporella,depressa,Aclonal,,3.03,
B228,6/12/2024,SE,7/2/24,FL,22,28D,Discoporella,depressa,Aclonal,,3.13,
B229,6/12/2024,SE,7/2/24,FL,22,28D,Discoporella,depressa,Aclonal,,2.95,
B230,6/12/2024,SE,7/2/24,FL,22,28D,Discoporella,depressa,Aclonal,,3.05,
B231,6/12/2024,SE,7/2/24,FL,22,28D,Discoporella,depressa,Aclonal,,2.83,
B232,6/12/2024,SE,,FL,22,28D,Discoporella,depressa,Aclonal,,2.89,
B233,6/13/2024,SE,7/2/24,FL,22,28D,Discoporella,depressa,Aclonal,,3.21,
B234,6/13/2024,SE,7/2/24,FL,22,28D,Discoporella,depressa,Aclonal,,3.22,
B235,6/13/2024,SE,7/2/24,FL,22,28D,Discoporella,depressa,Aclonal,,3.11,
B236,6/13/2024,SE,7/2/24,FL,22,28D,Discoporella,depressa,Aclonal,,3.16,
B237,6/13/2024,SE,7/2/24,FL,22,28D,Discoporella,depressa,Aclonal,,3.18,
B238,6/13/2024,SE,7/2/24,FL,22,28D,Discoporella,depressa,Aclonal,,3.43,
B239,6/13/2024,SE,,FL,22,28D,Discoporella,depressa,Aclonal,,3.15,
B240,6/13/2024,SE,7/2/24,FL,22,28D,Discoporella,depressa,Aclonal,,2.98,clear AT
B240,6/13/2024,SE,7/2/24,FL,22,28D,Discoporella,depressa,Aclonal,,3.27,
B242,6/13/2024,SE,7/2/24,FL,22,28D,Discoporella,depressa,Aclonal,,2.93,wax
B243,6/13/2024,SE,7/2/24,FL,22,28D,Discoporella,depressa,Aclonal,,3.41,
B244,6/13/2024,SE,7/2/24,FL,22,28D,Discoporella,depressa,Aclonal,,3.12,
B245,6/13/2024,SE,7/2/24,FL,22,28D,Discoporella,depressa,Aclonal,,3.19,
B246,6/13/2024,SE,7/2/24,FL,22,28D,Discoporella,depressa,Aclonal,,3.04,
B247,6/13/2024,SE,7/2/24,FL,22,28D,Discoporella,depressa,Aclonal,,3.2,
B248,6/13/2024,SE,7/2/24,FL,22,28D,Discoporella,depressa,Aclonal,,3.3,
B249,6/13/2024,SE,7/2/24,FL,22,28D,Discoporella,depressa,Aclonal,,3.75,
B250 ,6/13/2024,SE,7/2/24,FL,22,28D,Discoporella,depressa,Aclonal,,3.08,
B251,6/13/2024,SE,7/2/24,FL,22,28D,Discoporella,depressa,Aclonal,,3.49,clear AT
B252,6/13/2024,SE,7/2/24,FL,22,28D,Discoporella,depressa,Aclonal,,3.2,doesn't lay flat - blurry 
B253,6/13/2024,SE,7/2/24,FL,22,28D,Discoporella,depressa,Aclonal,,2.81,
B254,6/13/2024,SE,7/2/24,FL,22,28D,Discoporella,depressa,Aclonal,,3.42,
B255,6/13/2024,SE,7/2/24,FL,22,28D,Discoporella,depressa,Aclonal,,3.41,
B256,6/13/2024,SE,7/2/24,FL,22,28D,Discoporella,depressa,Aclonal,,3.16,
B257,6/14/2024,SE,7/2/24,FL,22,28D,Discoporella,depressa,Aclonal,,3.11,
B258,6/14/2024,SE,7/2/24,FL,22,28D,Discoporella,depressa,Aclonal,,2.93,
B259,6/14/2024,SE,7/2/24,FL,22,28D,Discoporella,depressa,Aclonal,,3.49,
B260,6/14/2024,SE,7/2/24,FL,22,28D,Discoporella,depressa,Aclonal,,2.76,
B261,6/14/2024,SE,7/2/24,FL,22,28D,Discoporella,depressa,Aclonal,,3.28,
B262,6/14/2024,SE,7/2/24,FL,22,28D,Discoporella,depressa,Aclonal,,3.01,
B263,6/14/2024,SE,7/2/24,FL,22,28D,Discoporella,depressa,Aclonal,,3.18,
B264,6/14/2024,SE,7/2/24,FL,22,28D,Discoporella,depressa,Aclonal,,3.46,
B265,6/14/2024,SE,7/2/24,FL,22,28D,Discoporella,depressa,Aclonal,,2.9,
B266,6/14/2024,SE,7/2/24,FL,22,28D,Discoporella,depressa,Aclonal,,3.08,
B267,6/14/2024,SE,7/2/24,FL,22,28D,Discoporella,depressa,Aclonal,,3.35,
B268,6/14/2024,SE,7/2/24,FL,22,28D,Discoporella,depressa,Aclonal,,3.16,
B269,6/14/2024,SE,7/2/24,FL,22,28D,Discoporella,depressa,Aclonal,,3.18,wax
B270,6/14/2024,SE,7/2/24,FL,22,28D,Discoporella,depressa,Aclonal,,3.16,
B271,6/14/2024,SE,,FL,22,28D,Discoporella,depressa,Aclonal,,3.07,
B272,6/14/2024,SE,7/2/24,FL,22,28D,Discoporella,depressa,Aclonal,,2.96,
B273,6/14/2024,SE,7/2/24,FL,22,28D,Discoporella,depressa,Aclonal,,3.45,
B274,6/14/2024,SE,7/2/24,FL,22,28D,Discoporella,depressa,Aclonal,,3.54,
B275,6/14/2024,SE,7/2/24,FL,22,28D,Discoporella,depressa,Aclonal,,3.39,
B276,6/14/2024,SE,7/2/24,FL,22,28D,Discoporella,depressa,Aclonal,,3.1,
B277,6/14/2024,SE,7/2/24,FL,22,28D,Discoporella,depressa,Aclonal,,3.2,
B278,6/14/2024,SE,7/2/24,FL,22,28D,Discoporella,depressa,Aclonal,,3,
B279,6/14/2024,SE,7/2/24,FL,22,28D,Discoporella,depressa,Aclonal,,3.38,
B280,6/14/2024,SE,7/2/24,FL,22,28D,Discoporella,depressa,Aclonal,,3.54,
B281,6/14/2024,SE,7/2/24,FL,22,28D,Discoporella,depressa,Aclonal,,3.32,
B282,6/14/2024,SE,7/2/24,FL,22,28D,Discoporella,depressa,Aclonal,,3.8,
B283,6/14/2024,SE,7/2/24,FL,22,28D,Discoporella,depressa,Aclonal,,3.33,
B284,6/17/2024,SE,7/2/24,FL,22,28D,Discoporella,depressa,Aclonal,,3.41,
B285,6/17/2024,SE,7/2/24,FL,22,28D,Discoporella,depressa,Aclonal,,3.43,
B286,6/17/2024,SE,7/2/24,FL,22,28D,Discoporella,depressa,Aclonal,,3.67,
B287,6/17/2024,SE,,FL,22,28D,Discoporella,depressa,Aclonal,,3.58,
B288,6/17/2024,SE,,FL,22,28D,Discoporella,depressa,Aclonal,,3.49,wax
B289,6/17/2024,SE,7/3/2024,FL,22,28D,Discoporella,depressa,Aclonal,,3.47,
B290,6/18/2024,SE,7/3/2024,FL,22,28D,Discoporella,depressa,Aclonal,,3.38,
B291,6/18/2024,SE,7/3/2024,FL,22,28D,Discoporella,depressa,Aclonal,,3.74,
B292,6/18/2024,SE,7/3/2024,FL,22,28D,Discoporella,depressa,Aclonal,,3.48,
B293,6/18/2024,SE,7/3/2024,FL,22,28D,Discoporella,depressa,Aclonal,,3.65,
B294,6/18/2024,SE,7/3/2024,FL,22,28D,Discoporella,depressa,Aclonal,,3.42,
B295,6/18/2024,SE,7/3/2024,FL,22,28D,Discoporella,depressa,Aclonal,,3.44,
B296,6/18/2024,SE,7/3/2024,FL,22,28D,Discoporella,depressa,Aclonal,,3.86,
B297,6/18/2024,SE,7/3/2024,FL,22,28D,Discoporella,depressa,Aclonal,,3.33,wax
B298,6/18/2024,SE,7/3/2024,FL,22,28D,Discoporella,depressa,Aclonal,,3.87,
B299,6/18/2024,SE,7/3/2024,FL,22,28D,Discoporella,depressa,Aclonal,,3.64,
B300,6/18/2024,SE,7/3/2024,FL,22,28D,Discoporella,depressa,Aclonal,,3.81,
B301,6/18/2024,SE,7/3/2024,FL,22,28D,Discoporella,depressa,Aclonal,,3.76,
B302,6/18/2024,SE,7/3/2024,FL,22,28D,Discoporella,depressa,Aclonal,,3.51,
B303,6/18/2024,SE,7/3/2024,FL,22,28D,Discoporella,depressa,Aclonal,,3.65,
B304,6/18/2024,SE,7/3/2024,FL,22,28D,Discoporella,depressa,Aclonal,,3.8,wax
B305,6/18/2024,SE,7/3/2024,FL,22,28D,Discoporella,depressa,Aclonal,,3.96,
B306,6/18/2024,SE,7/3/2024,FL,22,28D,Discoporella,depressa,Aclonal,,3.94,
B307,6/18/2024,SE,7/3/2024,FL,22,28D,Discoporella,depressa,Aclonal,,3.89,
B308,6/20/2024,SE,7/3/2024,FL,22,28D,Discoporella,depressa,Aclonal,,3.87,
B309,6/20/2024,SE,7/3/2024,FL,22,28D,Discoporella,depressa,Aclonal,,3.95,
B310,6/20/2024,SE,7/3/2024,FL,22,28D,Discoporella,depressa,Aclonal,,4.19,
B311,6/20/2024,SE,7/3/2024,FL,22,28D,Discoporella,depressa,Aclonal,,4.32,
B312,6/20/2024,SE,7/3/2024,FL,22,28D,Discoporella,depressa,Aclonal,,3.92,
B313,6/20/2024,SE,7/3/2024,FL,22,28D,Discoporella,depressa,Aclonal,,4,
B314,6/20/2024,SE,7/3/2024,FL,22,28D,Discoporella,depressa,Aclonal,,4.38,
B315,6/20/2024,SE,7/3/2024,FL,22,28D,Discoporella,depressa,Aclonal,,4.09,
B316,6/20/2024,SE,7/3/2024,FL,22,28D,Discoporella,depressa,Aclonal,,3.92,wax
B317,6/20/2024,SE,7/3/2024,FL,22,28D,Discoporella,depressa,Aclonal,,4.31,
B318,6/20/2024,SE,7/3/2024,FL,22,28D,Discoporella,depressa,Aclonal,,4.53,
B319,6/20/2024,SE,7/3/2024,FL,22,28D,Discoporella,depressa,Aclonal,,4.2,
B320,6/20/2024,SE,7/3/2024,FL,22,28D,Discoporella,depressa,Aclonal,,4.4,
B321,6/20/2024,SE,7/3/2024,FL,22,28D,Discoporella,depressa,Aclonal,,4.32,
B322,6/20/2024,SE,7/3/2024,FL,22,28D,Discoporella,depressa,Aclonal,,2.87,
B323,6/20/2024,SE,7/3/2024,FL,22,28D,Discoporella,depressa,Aclonal,,4.21,
B324,6/20/2024,SE,7/3/2024,FL,22,28D,Discoporella,depressa,Aclonal,,4.18,
B325,6/20/2024,SE,7/3/2024,FL,22,28D,Discoporella,depressa,Aclonal,,4.15,
B326,6/20/2024,SE,7/3/2024,FL,22,28D,Discoporella,depressa,Aclonal,,4.51,
B327,6/20/2024,SE,7/3/2024,FL,22,28D,Discoporella,depressa,Aclonal,,4.64,
B328,6/20/2024,SE,7/3/2024,FL,22,28D,Discoporella,depressa,Aclonal,,4.62,
B329,6/21/2024,SE,7/3/2024,FL,22,28D,Discoporella,depressa,Aclonal,,4.75,
B330,6/21/2024,SE,7/3/2024,FL,22,28D,Discoporella,depressa,Aclonal,,2.58,
B331,6/21/2024,SE,7/3/2024,FL,22,28D,Discoporella,depressa,Aclonal,,2.52,
B332,6/21/2024,SE,7/3/2024,FL,22,28D,Discoporella,depressa,Aclonal,,4.45,
B333,6/21/2024,SE,7/3/2024,FL,22,28D,Discoporella,depressa,Aclonal,,4.46,
B334,6/21/2024,SE,7/3/2024,FL,22,28D,Discoporella,depressa,Aclonal,,4.54,
B335,6/21/2024,SE,7/3/2024,FL,22,28D,Discoporella,depressa,Aclonal,,4.49,
B336,6/21/2024,SE,7/3/2024,FL,22,28D,Discoporella,depressa,Aclonal,,4.41,
B337,6/21/2024,SE,7/3/2024,FL,22,28D,Discoporella,depressa,Aclonal,,4.98,
B338,6/21/2024,SE,7/3/2024,FL,22,28D,Discoporella,depressa,Aclonal,,4.52,
B339,6/21/2024,SE,7/3/2024,FL,22,28D,Discoporella,depressa,Aclonal,,5.17,
B340,6/21/2024,SE,7/3/2024,FL,22,28D,Discoporella,depressa,Aclonal,,5.17,
B341,6/21/2024,SE,7/3/2024,FL,22,28D,Discoporella,depressa,Aclonal,,4.76,
B342,6/21/2024,SE,7/3/2024,FL,22,28D,Discoporella,depressa,Aclonal,,5.27,
B343,6/21/2024,SE,7/3/2024,FL,22,28D,Discoporella,depressa,Aclonal,,4.88,
B344,6/21/2024,SE,7/3/2024,FL,22,28D,Discoporella,depressa,Aclonal,,5.18,
B345,6/21/2024,SE,7/3/2024,FL,22,28D,Discoporella,depressa,Aclonal,,5.22,
B346,6/21/2024,SE,7/3/2024,FL,22,28D,Discoporella,depressa,Aclonal,,5.99,
B347,6/21/2024,SE,7/3/2024,FL,22,28D,Discoporella,depressa,Aclonal,,5.83,
B348,6/21/2024,SE,7/3/2024,FL,22,28D,Discoporella,depressa,Aclonal,,6.33,
B349,6/21/2024,SE,7/3/2024,FL,22,28D,Discoporella,depressa,Clonal,,2.96,
B350,6/21/2024,SE,7/3/2024,FL,22,28D,Discoporella,depressa,Clonal,,3.29,
B351,6/21/2024,SE,7/3/2024,FL,22,28D,Discoporella,depressa,Clonal,,3.14,
B352,6/21/2024,SE,7/3/2024,FL,22,28D,Discoporella,depressa,Clonal,,3.11,
B353,6/21/2024,SE,7/3/2024,FL,22,28D,Discoporella,depressa,Clonal,,3.32,
B354,6/21/2024,SE,7/3/2024,FL,22,28D,Discoporella,depressa,Clonal,,3.26,
B355,6/21/2024,SE,7/3/2024,FL,22,28D,Discoporella,depressa,Clonal,,2.98,
B356,6/21/2024,SE,7/3/2024,FL,22,28D,Discoporella,depressa,Clonal,,3.39,
B357,6/21/2024,SE,7/3/2024,FL,22,28D,Discoporella,depressa,Clonal,,4.31,
B358,6/21/2024,SE,7/3/2024,FL,22,28D,Discoporella,depressa,Clonal,,4.29,
B359,6/21/2024,SE,7/3/2024,FL,22,28D,Reussirella,doma,Aclonal,,2.49,
B360,6/21/2024,SE,7/3/2024,FL,22,28D,Reussirella,doma,Aclonal,,2.53,
B361,6/21/2024,SE,7/3/2024,FL,22,28D,Reussirella,doma,Aclonal,,2.58,
B362,6/21/2024,SE,7/3/2024,FL,22,28D,Reussirella,doma,Aclonal,,2.93,
B363,6/21/2024,SE,7/3/2024,FL,22,28D,Reussirella,doma,Aclonal,,2.72,
B364,6/21/2024,SE,7/3/2024,FL,22,28D,Reussirella,doma,Aclonal,,2.88,
B365,6/21/2024,SE,7/3/2024,FL,22,28D,Reussirella,doma,Aclonal,,3.08,
B366,6/24/2024,SE,7/3/2024,FL,22,28D,Reussirella,doma,Aclonal,,2.63,
B367,6/24/2024,SE,7/3/2024,FL,22,28D,Reussirella,doma,Aclonal,,2.53,
B368,6/24/2024,SE,7/3/2024,FL,22,28D,Reussirella,doma,Aclonal,,2.55,
B369,6/24/2024,SE,7/3/2024,FL,22,28D,Reussirella,doma,Aclonal,,2.42,
B370,6/24/2024,SE,7/3/2024,FL,22,28D,Reussirella,doma,Aclonal,,2.7,
B371,6/24/2024,SE,7/3/2024,FL,22,28D,Reussirella,doma,Aclonal,,2.69,
B372,6/24/2024,SE,7/3/2024,FL,22,28D,Reussirella,doma,Aclonal,,2.75,
B373,6/24/2024,SE,7/3/2024,FL,22,28D,Reussirella,doma,Aclonal,,2.62,
B374,6/24/2024,SE,7/3/2024,FL,22,28D,Reussirella,doma,Aclonal,,2.83,
B375,6/24/2024,SE,7/3/2024,FL,22,28D,Reussirella,doma,Aclonal,,2.72,wax
B376,6/25/2024,SE,7/3/2024,FL,22,28D,Reussirella,doma,Aclonal,,2.45,
B377,6/25/2024,SE,7/3/2024,FL,22,28D,Reussirella,doma,Aclonal,,2.58,
B378,6/25/2024,SE,7/3/2024,FL,22,28D,Reussirella,doma,Aclonal,,2.41,
B379,6/25/2024,SE,7/3/2024,FL,22,28D,Reussirella,doma,Aclonal,,2.56,
B380,6/25/2024,SE,7/3/2024,FL,22,28D,Reussirella,doma,Aclonal,,2.78,
B381,6/25/2024,SE,7/3/2024,FL,22,28D,Reussirella,doma,Aclonal,,2.54,
B382,6/25/2024,SE,7/3/2024,FL,22,28D,Reussirella,doma,Aclonal,,2.57,
B383,6/25/2024,SE,7/3/2024,FL,22,28D,Reussirella,doma,Aclonal,,2.49,
B384,6/25/2024,SE,7/3/2024,FL,22,28D,Reussirella,doma,Aclonal,,2.66,
B385,6/25/2024,SE,7/3/2024,FL,22,28D,Reussirella,doma,Aclonal,,2.86,
B386,6/25/2024,SE,7/3/2024,FL,22,28D,Reussirella,doma,Aclonal,,2.57,
B387,6/25/2024,SE,7/3/2024,FL,22,28D,Reussirella,doma,Aclonal,,2.63,
B388,6/25/2024,SE,7/3/2024,FL,22,28D,Reussirella,doma,Aclonal,,2.84,
B389,6/25/2024,SE,7/3/2024,FL,22,28D,Reussirella,doma,Aclonal,,2.68,
B390,6/25/2024,SE,7/3/2024,FL,22,28D,Reussirella,doma,Aclonal,,2.84,
B391,6/25/2024,SE,7/3/2024,FL,22,28D,Reussirella,doma,Aclonal,,2.67,
B392,6/25/2024,SE,7/3/2024,FL,22,28D,Reussirella,doma,Aclonal,,3.01,
B393,6/25/2024,SE,7/3/2024,FL,22,28D,Reussirella,doma,Aclonal,,2.68,
B394,6/25/2024,SE,7/3/2024,FL,22,28D,Reussirella,doma,Aclonal,,2.44,
B395,6/25/2024,SE,7/3/2024,FL,22,28D,Reussirella,doma,Aclonal,,2.62,
B396,6/25/2024,SE,7/3/2024,FL,22,28D,Reussirella,doma,Aclonal,,2.38,
B397,6/25/2024,SE,7/3/2024,FL,22,28D,Reussirella,doma,Aclonal,,2.67,
B398,6/25/2024,SE,7/3/2024,FL,22,28D,Reussirella,doma,Aclonal,,2.58,
B399,6/25/2024,SE,7/3/2024,FL,22,28D,Reussirella,doma,Aclonal,,2.43,
B400,6/25/2024,SE,7/3/2024,FL,22,28D,Reussirella,doma,Aclonal,,2.57,
B401,6/25/2024,SE,7/8/2024,FL,22,28D,Reussirella,doma,Aclonal,,2.19,
B402,6/25/2024,SE,7/8/2024,FL,22,28D,Reussirella,doma,Aclonal,,2.68,
B403,6/25/2024,SE,7/8/2024,FL,22,28D,Reussirella,doma,Aclonal,,2.43,
B404,6/25/2024,SE,7/8/2024,FL,22,28D,Reussirella,doma,Aclonal,,2.65,
B405,6/25/2024,SE,7/8/2024,FL,22,28D,Reussirella,doma,Aclonal,,2.98,
B406,6/25/2024,SE,7/8/2024,FL,22,28D,Reussirella,doma,Aclonal,,2.69,
B407,6/25/2024,SE,7/8/2024,FL,22,28D,Reussirella,doma,Aclonal,,2.84,
B408,6/25/2024,SE,7/8/2024,FL,22,28D,Reussirella,doma,Aclonal,,2.54,
B409,6/25/2024,SE,7/8/2024,FL,22,28D,Reussirella,doma,Aclonal,,2.51,
B410,6/26/2024,SE,7/8/2024,FL,22,28D,Reussirella,doma,Aclonal,,2.52,
B411,6/26/2024,SE,7/8/2024,FL,22,28D,Reussirella,doma,Aclonal,,2.86,
B412,6/26/2024,SE,7/8/2024,FL,22,28D,Reussirella,doma,Aclonal,,2.39,
B413,6/26/2024,SE,7/8/2024,FL,22,28D,Reussirella,doma,Aclonal,,2.6,
B414,6/26/2024,SE,7/8/2024,FL,22,28D,Reussirella,doma,Aclonal,,2.41,
B415,6/26/2024,SE,7/8/2024,FL,22,28D,Reussirella,doma,Aclonal,,2.82,
B416,6/26/2024,SE,7/8/2024,FL,22,28D,Reussirella,doma,Aclonal,,3.03,
B417,6/26/2024,SE,7/8/2024,FL,22,28D,Reussirella,doma,Aclonal,,2.68,
B418,6/26/2024,SE,7/8/2024,FL,22,28D,Reussirella,doma,Aclonal,,2.43,
B419,6/26/2024,SE,7/8/2024,FL,22,28D,Reussirella,doma,Aclonal,,2.56,
B420,6/26/2024,SE,7/8/2024,FL,22,28D,Reussirella,doma,Aclonal,,2.51,
B421,6/26/2024,SE,7/8/2024,FL,22,28D,Reussirella,doma,Aclonal,,2.73,
B422,6/26/2024,SE,7/8/2024,FL,22,28D,Reussirella,doma,Aclonal,,2.45,
B423,6/26/2024,SE,7/8/2024,FL,22,28D,Reussirella,doma,Aclonal,,2.62,
B424,6/26/2024,SE,7/8/2024,FL,22,28D,Reussirella,doma,Aclonal,,2.52,
B425,6/26/2024,SE,7/8/2024,FL,22,28D,Reussirella,doma,Aclonal,,2.48,
B426,6/26/2024,SE,7/8/2024,FL,22,28D,Reussirella,doma,Aclonal,,2.45,
B427,6/26/2024,SE,7/8/2024,FL,22,28D,Reussirella,doma,Aclonal,,2.36,
B428,6/26/2024,SE,7/8/2024,FL,22,28D,Reussirella,doma,Aclonal,,2.46,
B429,6/26/2024,SE,7/8/2024,FL,22,28D,Reussirella,doma,Aclonal,,2.54,wax
B430,6/26/2024,SE,7/8/2024,FL,22,28D,Reussirella,doma,Aclonal,,2.56,
B431,6/26/2024,SE,7/8/2024,FL,22,28D,Reussirella,doma,Aclonal,,2.45,
B432,6/26/2024,SE,7/8/2024,FL,22,28D,Reussirella,doma,Aclonal,,2.54,
B433,6/26/2024,SE,7/8/2024,FL,22,28D,Reussirella,doma,Aclonal,,2.3,
B434,6/26/2024,SE,7/8/2024,FL,22,28D,Reussirella,doma,Aclonal,,2.57,
B435,6/26/2024,SE,7/8/2024,FL,22,28D,Reussirella,doma,Aclonal,,2.63,
B436,6/26/2024,SE,7/8/2024,FL,22,28D,Reussirella,doma,Aclonal,,2.5,
B437,6/26/2024,SE,7/8/2024,FL,22,28D,Reussirella,doma,Aclonal,,2.75,
B438,6/26/2024,SE,7/8/2024,FL,22,28D,Reussirella,doma,Aclonal,,2.62,
B439,6/26/2024,SE,7/8/2024,FL,22,28D,Reussirella,doma,Aclonal,,2.76,
B440,6/27/2024,SE,7/8/2024,FL,22,28D,Reussirella,doma,Aclonal,,2.71,
B441,6/27/2024,SE,7/8/2024,FL,22,28D,Reussirella,doma,Aclonal,,2.42,
B442,6/27/2024,SE,7/8/2024,FL,22,28D,Reussirella,doma,Aclonal,,2.67,
B443,6/27/2024,SE,7/8/2024,FL,22,28D,Reussirella,doma,Aclonal,,2.75,
B444,6/27/2024,SE,7/8/2024,FL,22,28D,Reussirella,doma,Aclonal,,2.38,
B445,6/27/2024,SE,7/8/2024,FL,22,28D,Reussirella,doma,Aclonal,,2.45,
B446,6/27/2024,SE,7/8/2024,FL,22,28D,Reussirella,doma,Aclonal,,2.72,
B447,6/27/2024,SE,7/8/2024,FL,22,28D,Reussirella,doma,Aclonal,,2.55,
B448,6/27/2024,SE,7/8/2024,FL,22,28D,Reussirella,doma,Aclonal,,2.58,
B449,6/27/2024,SE,7/8/2024,FL,22,28D,Reussirella,doma,Aclonal,,2.48,
B450,6/27/2024,SE,7/8/2024,FL,22,28D,Reussirella,doma,Aclonal,,2.74,
B451,6/27/2024,SE,7/8/2024,FL,22,28D,Reussirella,doma,Aclonal,,2.76,
B452,6/27/2024,SE,7/8/2024,FL,22,28D,Reussirella,doma,Aclonal,,2.65,
B453,6/27/2024,SE,7/8/2024,FL,22,28D,Reussirella,doma,Aclonal,,2.61,
B454,6/27/2024,SE,7/8/2024,FL,22,28D,Reussirella,doma,Aclonal,,2.61,
B455,6/27/2024,SE,7/8/2024,FL,22,28D,Reussirella,doma,Aclonal,,2.58,
B456,6/27/2024,SE,7/8/2024,FL,22,28D,Reussirella,doma,Aclonal,,2.46,
B457,6/27/2024,SE,7/8/2024,FL,22,28D,Reussirella,doma,Aclonal,,2.46,
B458,6/27/2024,SE,7/8/2024,FL,22,28D,Reussirella,doma,Aclonal,,2.29,
B459,6/27/2024,SE,7/8/2024,FL,22,28D,Reussirella,doma,Aclonal,,2.37,
B460,6/27/2024,SE,7/8/2024,FL,22,28D,Reussirella,doma,Aclonal,,2.87,
B461,6/27/2024,SE,7/8/2024,FL,22,28D,Reussirella,doma,Aclonal,,2.98,
B462,6/27/2024,SE,7/8/2024,FL,22,28D,Reussirella,doma,Aclonal,,2.77,
B463,6/27/2024,SE,7/8/2024,FL,22,28D,Reussirella,doma,Aclonal,,2.45,
B464,6/27/2024,SE,7/8/2024,FL,22,28D,Reussirella,doma,Aclonal,,2.52,wax
B465,7/1/2024,SE,7/8/2024,FL,22,28D,Reussirella,doma,Aclonal,,2.4,
B466,6/27/2024,SE,7/8/2024,FL,22,28D,Reussirella,doma,Aclonal,,2.69,
B467,6/27/2024,SE,7/8/2024,FL,22,28D,Reussirella,doma,Aclonal,,2.54,
B468,6/27/2024,SE,7/8/2024,FL,22,28D,Reussirella,doma,Aclonal,,2.9,
B469,6/27/2024,SE,7/8/2024,FL,22,28D,Reussirella,doma,Aclonal,,2.62,
B470,6/27/2024,SE,7/8/2024,FL,22,28D,Reussirella,doma,Aclonal,,2.49,
B471,6/27/2024,SE,7/8/2024,FL,22,28D,Reussirella,doma,Aclonal,,2.68,
B472,6/27/2024,SE,7/8/2024,FL,22,28D,Reussirella,doma,Aclonal,,2.62,
B473,6/27/2024,SE,7/8/2024,FL,22,28D,Reussirella,doma,Aclonal,,2.42,
B474,6/27/2024,SE,7/8/2024,FL,22,28D,Reussirella,doma,Aclonal,,2.67,
B475,6/27/2024,SE,7/8/2024,FL,22,28D,Reussirella,doma,Aclonal,,2.57,
B476,6/27/2024,SE,7/8/2024,FL,22,28D,Reussirella,doma,Aclonal,,2.6,
B477,6/27/2024,SE,7/8/2024,FL,22,28D,Reussirella,doma,Aclonal,,2.69,
B478,6/27/2024,SE,7/8/2024,FL,22,28D,Reussirella,doma,Aclonal,,2.55,
B479,6/27/2024,SE,7/8/2024,FL,22,28D,Reussirella,doma,Aclonal,,2.57,
B480,6/27/2024,SE,7/8/2024,FL,22,28D,Reussirella,doma,Aclonal,,2.63,
B481,6/27/2024,SE,7/8/2024,FL,22,28D,Reussirella,doma,Aclonal,,2.65,
B482,6/27/2024,SE,7/8/2024,FL,22,28D,Reussirella,doma,Aclonal,,2.72,
B483,6/27/2024,SE,7/8/2024,FL,22,28D,Reussirella,doma,Aclonal,,2.64,
B484,6/27/2024,SE,7/8/2024,FL,22,28D,Reussirella,doma,Aclonal,,2.89,
B485,6/27/2024,SE,7/8/2024,FL,22,28D,Reussirella,doma,Aclonal,,2.59,
B486,6/27/2024,SE,7/8/2024,FL,22,28D,Reussirella,doma,Aclonal,,2.53,
B487,6/27/2024,SE,7/8/2024,FL,22,28D,Reussirella,doma,Aclonal,,2.45,
B488,6/27/2024,SE,7/8/2024,FL,22,28D,Reussirella,doma,Aclonal,,2.61,
B489,6/27/2024,SE,7/8/2024,FL,22,28D,Reussirella,doma,Aclonal,,2.65,
B490,7/1/2024,SE,7/8/2024,LA,23,41D,Discoporella,depressa,Aclonal,,4.71,
B491,7/1/2024,SE,7/8/2024,LA,22,49D,Discoporella,depressa,Aclonal,,3.03,
B492,7/1/2024,SE,7/8/2024,LA,23,20D,Discoporella,depressa,,,4.63,
B493,7/1/2024,SE,7/8/2024,LA,22,54D,Discoporella,depressa,Aclonal,,3.14,
B494,7/1/2024,SE,7/8/2024,LA,23,35D,Discoporella,depressa,Aclonal,,6.7,
B495,7/1/2024,SE,7/8/2024,LA,23,35D,Discoporella,depressa,Clonal,,5.68,
B496,7/1/2024,SE,7/8/2024,LA,23,35D,Discoporella,depressa,Clonal,,6.35,
B497,7/1/2024,SE,7/8/2024,LA,22,3D,Discoporella,depressa,,,4.67,
B498,7/1/2024,SE,7/8/2024,LA,22,7D,Discoporella,depressa,,,3.63,
B499,7/1/2024,SE,7/8/2024,LA,23,44D,Discoporella,depressa,Clonal,,3.73,
B500,7/1/2024,SE,7/21/2025,LA,23,44D,Discoporella,depressa,Aclonal,,6.01,wax
B501,7/1/2024,SE,7/21/2025,LA,23,43D,Discoporella,depressa,Aclonal,,5.41,
B502,7/3/2024,SE,7/21/2025,LA,22,31D,Discoporella,depressa,Aclonal,,4.08,
B503,7/3/2024,SE,7/21/2025,LA,23,2D,Discoporella,depressa,,,5.1,
B504,7/3/2024,SE,7/21/2025,LA,23,2D,Discoporella,depressa,Clonal,,4.56,
B505,7/3/2024,SE,7/22/2025,LA,22,33D,Discoporella,depressa,,,2.86,
B506,7/3/2024,SE,7/22/2025,LA,22,18D,Discoporella,depressa,Aclonal,,4.16,
B507,7/3/2024,SE,7/22/2025,LA,22,18D,Discoporella,depressa,Aclonal,,6.56,
B508,7/3/2024,SE,7/22/2025,LA,23,10D,Discoporella,depressa,Clonal,,7.99,
B509,7/3/2024,SE,7/22/2025,LA,22,52D,Discoporella,depressa,Aclonal,,4.54,
B510,7/3/2024,SE,7/22/2025,LA,23,22D,Discoporella,depressa,Aclonal,,2.89,
B511,7/3/2024,SE,7/22/2025,LA,23,22D,Discoporella,depressa,Clonal,,5.99,
B512,7/3/2024,SE,7/22/2025,LA,23,32D,Discoporella,depressa,Clonal,,7.54,
B513,7/3/2024,SE,7/22/2025,LA,22,35D,Discoporella,depressa,Aclonal,,3.87,
B514,7/3/2024,SE,7/22/2025,LA,22,35D,Discoporella,depressa,Aclonal,,4.25,
B515,7/3/2024,SE,7/22/2025,LA,23,33D,Discoporella,depressa,,,4.08,
B516,7/3/2024,SE,7/22/2025,LA,23,36D,Discoporella,depressa,Aclonal,,3.77,
B517,7/3/2024,SE,7/22/2025,LA,23,36D,Discoporella,depressa,Clonal,,4.48,
B518,7/3/2024,SE,7/22/2025,LA,23,27D,Discoporella,depressa,,,4.89,
B519,7/3/2024,SE,7/22/2025,LA,23,27D,Discoporella,depressa,,,5.44,
B520,7/3/2024,SE,7/22/2025,LA,23,38D,Discoporella,depressa,Aclonal,,3.93,
B521,7/3/2024,SE,8/20/2025,LA,23,25D,Discoporella,depressa,Aclonal,,5.11,
B522,7/3/2024,SE,7/22/2025,LA,23,11D,Discoporella,depressa,Clonal,,7.14,
B523,7/3/2024,SE,7/22/2025,LA,22,45D,Discoporella,depressa,Aclonal,,6.6,
B524,7/3/2024,SE,7/22/2025,AL,23,40D,Discoporella,depressa,Aclonal,,5.46,
B525,7/3/2024,SE,7/22/2025,AL,23,40D,Discoporella,depressa,Aclonal,,5.58,
B526,7/3/2024,SE,7/22/2025,AL,23,40D,Discoporella,depressa,Aclonal,,5.21,
B527,7/3/2024,SE,7/22/2025,AL,23,40D,Discoporella,depressa,Aclonal,,3.62,
B528,7/3/2024,SE,7/22/2025,AL,23,40D,Discoporella,depressa,Aclonal,,3.57,
B529,7/3/2024,SE,7/22/2025,AL,23,40D,Discoporella,depressa,Clonal,,6.8,
B530,7/3/2024,SE,7/22/2025,AL,23,40D,Discoporella,depressa,Clonal,,4.55,
B531,7/3/2024,SE,7/22/2025,AL,23,40D,Discoporella,depressa,Clonal,,3.68,
B532,7/3/2024,SE,7/22/2025,AL,23,40D,Discoporella,depressa,Clonal,,3.15,
B533,7/3/2024,SE,7/22/2025,AL,23,40D,Reussirella,doma,Aclonal,,2.65,
B534,7/3/2024,SE,7/22/2025,AL,23,40D,Cupuladria,,Clonal,,3.82,
B535,7/3/2024,SE,7/22/2025,AL,23,40D,Cupuladria,,Clonal,,3.38,
B536,7/3/2024,SE,7/22/2025,AL,23,40D,Cupuladria,,Clonal,,13.9,
B537,7/3/2024,SE,7/22/2025,AL,23,40D,Reussirella,doma,Aclonal,,2.74,
B538,7/3/2024,SE,7/22/2025,AL,23,40D,Reussirella,doma,Aclonal,,2.87,
B539,7/3/2024,SE,7/22/2025,AL,23,40D,Reussirella,doma,Aclonal,,3.04,
B540,7/3/2024,SE,7/22/2025,AL,23,40D,Reussirella,doma,Aclonal,,2.66,
B541,7/3/2024,SE,7/22/2025,AL,23,40D,Reussirella,doma,Aclonal,,2.81,
B542,7/3/2024,SE,7/22/2025,AL,23,40D,Reussirella,doma,Aclonal,,2.57,
B543,7/3/2024,SE,7/22/2025,AL,23,40D,Reussirella,doma,Aclonal,,2.59,
B544,7/3/2024,SE,7/22/2025,AL,23,40D,Reussirella,doma,Aclonal,,2.69,
B545,7/3/2024,SE,7/22/2025,AL,23,40D,Reussirella,doma,Aclonal,,2.87,
B546,7/3/2024,SE,7/22/2025,AL,23,40D,Reussirella,doma,Aclonal,,2.48,
B547,7/3/2024,SE,7/22/2025,AL,23,40D,Reussirella,doma,Aclonal,,2.65,
B548,7/3/2024,SE,7/22/2025,AL,23,40D,Reussirella,doma,Aclonal,,2.98,
B549,7/3/2024,SE,7/22/2025,AL,23,40D,Reussirella,doma,Aclonal,,3.05,
B550,7/3/2024,SE,7/22/2025,AL,23,40D,Reussirella,doma,Aclonal,,2.66,
B551,7/3/2024,SE,7/22/2025,AL,23,40D,Reussirella,doma,Aclonal,,2.66,
B552,7/3/2024,SE,7/22/2025,AL,23,40D,Reussirella,doma,Aclonal,,2.68,
B553,7/8/2024,SE,7/22/2025,AL,23,40D,Reussirella,doma,Aclonal,,2.79,
B554,7/8/2024,SE,7/22/2025,AL,23,40D,Reussirella,doma,Aclonal,,2.74,
B555,7/8/2024,SE,7/22/2025,AL,23,40D,Reussirella,doma,Aclonal,,2.66,
B556,7/8/2024,SE,7/22/2025,AL,23,40D,Reussirella,doma,Aclonal,,2.73,
B557,7/8/2024,SE,7/22/2025,AL,23,40D,Reussirella,doma,Aclonal,,2.7,
B558,7/8/2024,SE,7/22/2025,AL,23,40D,Reussirella,doma,Aclonal,,2.73,
B559,7/8/2024,SE,7/22/2025,AL,23,40D,Reussirella,doma,Aclonal,,2.75,
B560,7/8/2024,SE,7/22/2025,AL,23,40D,Reussirella,doma,Aclonal,,2.73,
B561,7/8/2024,SE,7/22/2025,AL,23,40D,Reussirella,doma,Aclonal,,2.43,
B562,7/8/2024,SE,7/22/2025,AL,23,40D,Reussirella,doma,Aclonal,,2.71,
B563,7/8/2024,SE,7/22/2025,AL,23,40D,Reussirella,doma,Aclonal,,2.83,
B564,7/8/2024,SE,7/22/2025,AL,23,40D,Reussirella,doma,Aclonal,,2.8,
B565,7/8/2024,SE,7/22/2025,AL,23,40D,Reussirella,doma,Aclonal,,2.92,
B566,7/8/2024,SE,7/22/2025,AL,23,40D,Reussirella,doma,Aclonal,,2.68,
B567,7/8/2024,SE,7/22/2025,AL,23,40D,Reussirella,doma,Aclonal,,2.72,
B568,7/9/2024,SE,7/22/2025,AL,23,40D,Reussirella,doma,Aclonal,,2.79,
B569,7/9/2024,SE,7/22/2025,AL,23,40D,Reussirella,doma,Aclonal,,2.69,
B570,7/9/2024,SE,7/22/2025,AL,23,40D,Reussirella,doma,Aclonal,,2.88,
B571,7/9/2024,SE,7/22/2025,AL,23,40D,Reussirella,doma,Aclonal,,2.8,
B572,7/9/2024,SE,7/22/2025,AL,21,7D,Discoporella,depressa,Clonal,,4.13,
B573,7/9/2024,SE,7/22/2025,AL,21,7D,Discoporella,depressa,Clonal,,3.75,
B574,7/9/2024,SE,7/22/2025,AL,21,7D,Discoporella,depressa,Clonal,,4.38,
B575,7/9/2024,SE,7/22/2025,AL,21,7D,Discoporella,depressa,Clonal,,3.13,
B576,7/9/2024,SE,7/22/2025,AL,21,7D,Discoporella,depressa,Clonal,,3.59,
B577,7/9/2024,SE,7/22/2025,AL,21,7D,Discoporella,depressa,Clonal,,4.28,
B578,7/9/2024,SE,7/22/2025,AL,21,7D,Discoporella,depressa,Clonal,,4.02,
B579,7/9/2024,SE,7/22/2025,AL,21,7D,Discoporella,depressa,Clonal,,4.3,
B580,7/9/2024,SE,7/22/2025,AL,21,7D,Discoporella,depressa,Aclonal,,3.29,
B581,7/9/2024,SE,7/22/2025,AL,21,7D,Discoporella,depressa,Aclonal,,4.64,
B582,7/9/2024,SE,7/22/2025,AL,21,7D,Discoporella,depressa,,,7.38,
B583,7/9/2024,SE,7/22/2025,AL,21,7D,Cupuladria,,Clonal,,6.05,
B584,7/9/2024,SE,7/22/2025,AL,21,7D,Reussirella,doma,Aclonal,,2.5,
B585,7/9/2024,SE,7/22/2025,AL,21,7D,Reussirella,doma,Aclonal,,2.62,
B586,7/9/2024,SE,7/22/2025,AL,21,7D,Reussirella,doma,Aclonal,,3.23,
B587,7/10/2024,SE,7/22/2025,AL,21,25D,Discoporella,depressa,Clonal,,4.04,
B588,7/10/2024,SE,7/22/2025,AL,21,25D,Discoporella,depressa,Clonal,,3.5,
B589,7/10/2024,SE,7/22/2025,AL,21,25D,Discoporella,depressa,Clonal,,4.79,
B590,7/10/2024,SE,7/22/2025,AL,21,25D,Discoporella,depressa,Clonal,,3.21,
B591,7/10/2024,SE,7/22/2025,AL,21,25D,Discoporella,depressa,Clonal,,3.72,
B592,7/10/2024,SE,7/22/2025,AL,21,25D,Discoporella,depressa,Clonal,,4.14,
B593,7/10/2024,SE,7/22/2025,AL,21,25D,Discoporella,depressa,Clonal,,4.74,
B594,7/10/2024,SE,7/22/2025,AL,21,25D,Discoporella,depressa,Clonal,,5.89,
B595,7/10/2024,SE,7/22/2025,AL,21,25D,Discoporella,depressa,Clonal,,5.5,
B596,7/10/2024,SE,7/22/2025,AL,21,25D,Discoporella,depressa,Aclonal,,4.69,
B597,7/10/2024,SE,7/22/2025,AL,21,25D,Discoporella,depressa,Aclonal,,4.29,
B598,7/10/2024,SE,7/22/2025,AL,21,25D,Discoporella,depressa,Aclonal,,4.48,
B599,7/10/2024,SE,7/22/2025,AL,21,25D,Discoporella,depressa,Aclonal,,4.66,
B600,7/10/2024,SE,7/21/2025,AL,21,25D,Discoporella,depressa,,,5.16,
B601,7/10/2024,SE,7/22/2025,AL,21,25D,Discoporella,depressa,,,5.21,
B602,7/10/2024,SE,7/22/2025,AL,21,25D,Discoporella,depressa,,,5.92,
B603,7/10/2024,SE,7/22/2025,AL,21,25D,Discoporella,depressa,,,4.58,
B604,7/10/2024,SE,7/22/2025,AL,21,25D,Discoporella,depressa,,,5.6,
B605,7/10/2024,SE,7/22/2025,AL,21,25D,Discoporella,depressa,,,6.05,
B606,7/11/2024,SE,7/22/2025,AL,21,25D,Reussirella,doma,Aclonal,,2.58,
B607,7/11/2024,SE,7/22/2025,AL,21,25D,Reussirella,doma,Aclonal,,2.93,
B608,7/11/2024,SE,7/22/2025,AL,21,25D,Reussirella,doma,Aclonal,,2.7,
B609,7/11/2024,SE,7/22/2025,AL,21,25D,Reussirella,doma,Aclonal,,2.93,
B610,7/11/2024,SE,7/22/2025,AL,21,25D,Reussirella,doma,Aclonal,,2.73,
B611,7/11/2024,SE,7/22/2025,AL,21,25D,Reussirella,doma,Aclonal,,2.61,
B612,7/11/2024,SE,7/22/2025,AL,21,25D,Cupuladria,,Clonal,,3.74,
B613,7/11/2024,SE,7/22/2025,AL,22,131D,Reussirella,doma,Aclonal,,2.55,
B614,7/11/2024,SE,7/22/2025,AL,22,131D,Reussirella,doma,Aclonal,,2.46,
B615,7/11/2024,SE,7/22/2025,AL,22,131D,Reussirella,doma,Aclonal,,3.08,
B616,7/11/2024,SE,7/22/2025,AL,22,131D,Reussirella,doma,Aclonal,,2.69,
B617,7/11/2024,SE,7/22/2025,AL,22,131D,Reussirella,doma,Aclonal,,2.72,
B618,7/11/2024,SE,7/22/2025,AL,22,131D,Reussirella,doma,Aclonal,,2.68,
B619,7/11/2024,SE,7/22/2025,AL,22,131D,Reussirella,doma,Aclonal,,2.77,
B620,7/11/2024,SE,7/22/2025,AL,22,131D,Reussirella,doma,Aclonal,,2.67,
B621,7/11/2024,SE,7/22/2025,AL,22,131D,Reussirella,doma,Aclonal,,2.86,
B622,7/11/2024,SE,7/22/2025,AL,22,131D,Reussirella,doma,Aclonal,,2.99,
B623,7/11/2024,SE,7/22/2025,AL,22,131D,Reussirella,doma,Aclonal,,2.42,Worn; No structures identified by DeepBryo
B624,7/11/2024,SE,7/22/2025,AL,22,131D,Cupuladria,,,,4.9,
B625,7/11/2024,SE,7/22/2025,AL,22,131D,Discoporella,depressa,,,5.64,
B626,7/11/2024,SE,7/22/2025,AL,24,97D,Discoporella,depressa,Aclonal,,4.12,
B627,7/11/2024,SE,7/22/2025,AL,24,97D,Discoporella,depressa,,,4.08,
B628,7/11/2024,SE,7/22/2025,AL,22,56D,Discoporella,depressa,Clonal,,3.04,
B629,7/11/2024,SE,7/22/2025,AL,22,56D,Discoporella,depressa,Aclonal,,5.17,
B630,7/11/2024,SE,7/22/2025,AL,22,56D,Cupuladria,,Clonal,,3.47,
B631,7/11/2024,SE,7/22/2025,AL,25,6D,Discoporella,depressa,,,4.92,
B632,7/12/2024,SE,7/22/2025,AL,21,23D,Reussirella,doma,Aclonal,,2.72,
B633,7/12/2024,SE,7/22/2025,AL,22,23D,Reussirella,doma,Aclonal,,2.82,
B634,7/12/2024,SE,7/22/2025,AL,23,23D,Reussirella,doma,Aclonal,,2.56,
B635,7/12/2024,SE,7/22/2025,AL,24,23D,Reussirella,doma,Aclonal,,2.59,
B636,7/12/2024,SE,7/22/2025,AL,25,23D,Reussirella,doma,Aclonal,,2.82,
B637,7/12/2024,SE,7/22/2025,AL,26,23D,Reussirella,doma,Aclonal,,2.81,
B638,7/12/2024,SE,7/22/2025,AL,26,23D,Reussirella,doma,Aclonal,,2.84,
B639,7/12/2024,SE,7/22/2025,AL,26,23D,Reussirella,doma,Aclonal,,2.56,
B640,7/12/2024,SE,7/22/2025,AL,26,23D,Discoporella,depressa,Clonal,,3.67,
B641,7/12/2024,SE,7/22/2025,AL,26,23D,Discoporella,depressa,Clonal,,2.26,
B642,7/12/2024,SE,7/22/2025,AL,26,23D,Discoporella,depressa,Clonal,,4.31,
B643,7/12/2024,SE,7/22/2025,AL,26,23D,Discoporella,depressa,Clonal,,4.71,
B644,7/12/2024,SE,7/22/2025,AL,26,23D,Discoporella,depressa,Clonal,,7.61,
B645,7/12/2024,SE,7/22/2025,AL,26,23D,Discoporella,depressa,Aclonal,,3.17,
B646,7/12/2024,SE,7/22/2025,AL,26,23D,Discoporella,depressa,Aclonal,,3.14,
B647,7/12/2024,SE,7/22/2025,AL,26,23D,Discoporella,depressa,Aclonal,,3.69,
B648,7/12/2024,SE,7/22/2025,AL,26,23D,Discoporella,depressa,Aclonal,,5.59,
B649,7/12/2024,SE,7/22/2025,AL,26,23D,Discoporella,depressa,Aclonal,,8.46,
B650,7/12/2024,SE,7/22/2025,AL,26,23D,Cupuladria,,Clonal,,3.77,
B651,7/12/2024,SE,7/22/2025,AL,26,23D,Cupuladria,,Clonal,,4.51,
B652,7/12/2024,SE,7/22/2025,AL,26,23D,Cupuladria,,Clonal,,7.58,
B653,7/12/2024,SE,7/22/2025,AL,24,108D,Cupuladria,,Clonal,,3.27,
B654,7/12/2024,SE,7/22/2025,AL,24,108D,Cupuladria,,Clonal,,6.43,
B655,7/12/2024,SE,7/22/2025,AL,24,108D,Reussirella,doma,Aclonal,,2.73,
B656,7/12/2024,SE,7/22/2025,AL,24,108D,Reussirella,doma,Aclonal,,2.71,
B657,9/9/2024,SE,7/22/2025,AL,24,108D,Reussirella,doma,Aclonal,,2.49,
B658,9/9/2024,SE,7/22/2025,AL,24,108D,Reussirella,doma,Aclonal,,2.53,
B659,9/9/2024,SE,7/22/2025,AL,24,108D,Discoporella,depressa,Clonal,,2.34,
B660,9/9/2024,SE,7/22/2025,AL,24,108D,Discoporella,depressa,Clonal,,4.95,
B661,9/9/2024,SE,7/22/2025,AL,24,108D,Discoporella,depressa,Clonal,,5.35,
B662,9/9/2024,SE,7/22/2025,AL,24,108D,Discoporella,depressa,Aclonal,,4.01,
B663,9/9/2024,SE,7/22/2025,AL,24,108D,Discoporella,depressa,Aclonal,,4.24,
B664,9/9/2024,SE,7/22/2025,AL,24,108D,Discoporella,depressa,Aclonal,,4.21,
B665,9/9/2024,SE,7/22/2025,AL,24,108D,Discoporella,depressa,Aclonal,,4.22,
B666,9/15/2024,SE,7/22/2025,AL,24,108D,Discoporella,depressa,Aclonal,,5.04,
B667,9/15/2024,SE,7/22/2025,AL,24,108D,Discoporella,depressa,Aclonal,,5.91,
B668,9/15/2024,SE,7/22/2025,AL,24,108D,Discoporella,depressa,Aclonal,,4.95,
B669,9/15/2024,SE,7/22/2025,AL,24,108D,Discoporella,depressa,Aclonal,,5.22,
B670,9/15/2024,SE,7/22/2025,AL,24,125D,Discoporella,depressa,Aclonal,,4.81,
B671,9/15/2024,SE,7/22/2025,AL,24,125D,Discoporella,depressa,Aclonal,,4.47,
B672,9/15/2024,SE,7/22/2025,AL,24,125D,Discoporella,depressa,Aclonal,,3.4,
B673,9/15/2024,SE,7/22/2025,AL,24,125D,Discoporella,depressa,Aclonal,,3.14,
B674,9/15/2024,SE,7/22/2025,AL,24,125D,Discoporella,depressa,Aclonal,,3.01,
B675,9/15/2024,SE,7/22/2025,AL,24,125D,Discoporella,depressa,Aclonal,,3.38,
B676,9/15/2024,SE,7/22/2025,AL,24,125D,Discoporella,depressa,Aclonal,,5.38,
B677,9/15/2024,SE,7/22/2025,AL,24,125D,Discoporella,depressa,Aclonal,,5.44,
B678,9/15/2024,SE,7/22/2025,AL,24,125D,Reussirella,doma,Aclonal,,2.98,
B679,9/16/2024,SE,7/22/2025,AL,24,125D,Reussirella,doma,Aclonal,,3.16,
B680,9/16/2024,SE,7/22/2025,AL,24,125D,Cupuladria,,Clonal,,3.14,
B681,9/16/2024,SE,7/22/2025,AL,24,125D,Cupuladria,,Clonal,,3.85,
B682,9/16/2024,SE,7/22/2025,AL,24,41D,Reussirella,doma,Aclonal,,2.44,
B683,9/16/2024,SE,7/22/2025,AL,24,41D,Reussirella,doma,Aclonal,,2.9,
B684,9/16/2024,SE,7/22/2025,AL,24,41D,Reussirella,doma,Aclonal,,2.96,
B685,9/16/2024,SE,7/22/2025,AL,24,41D,Discoporella,depressa,Clonal,,5.63,
B686,9/16/2024,SE,7/22/2025,AL,24,41D,Discoporella,depressa,Clonal,,5.66,
B687,9/16/2024,SE,7/22/2025,AL,24,41D,Discoporella,depressa,Aclonal,,2.99,
B688,9/16/2024,SE,7/22/2025,AL,24,41D,Discoporella,depressa,Aclonal,,3.04,
B689,9/16/2024,SE,7/22/2025,AL,24,41D,Discoporella,depressa,Aclonal,,3.08,
B690,9/16/2024,SE,7/22/2025,AL,24,41D,Discoporella,depressa,Aclonal,,3.07,
B691,9/16/2024,SE,7/22/2025,AL,24,41D,Discoporella,depressa,Aclonal,,3.42,
B692,9/16/2024,SE,7/22/2025,AL,24,41D,Discoporella,depressa,Aclonal,,3.59,
B693,9/16/2024,SE,7/22/2025,AL,24,41D,Discoporella,depressa,Aclonal,,4.34,
B694,9/16/2024,SE,7/22/2025,AL,24,41D,Discoporella,depressa,Aclonal,,5.93,
B695,9/18/2024,SE,7/22/2025,AL,24,31D,Discoporella,depressa,Aclonal,,3.59,
B696,9/18/2024,SE,7/22/2025,AL,24,31D,Discoporella,depressa,Aclonal,,3.17,
B697,9/18/2024,SE,7/22/2025,AL,24,31D,Discoporella,depressa,Aclonal,,3.45,
B698,9/18/2024,SE,7/22/2025,AL,24,31D,Discoporella,depressa,Aclonal,,4.47,
B699,9/18/2024,SE,7/22/2025,AL,24,31D,Discoporella,depressa,Aclonal,,4.91,
B700,9/18/2024,SE,7/22/2025,AL,24,31D,Discoporella,depressa,Aclonal,,5.93,
B701,9/18/2024,SE,7/22/2025,AL,24,31D,Discoporella,depressa,Clonal,,3.95,
B702,9/18/2024,SE,7/22/2025,AL,24,31D,Reussirella,doma,Aclonal,,2.57,
B703,9/18/2024,SE,7/22/2025,AL,24,31D,Reussirella,doma,Aclonal,,2.82,
B704,9/23/2024,SE,7/22/2025,AL,24,109D,Reussirella,doma,Aclonal,,2.64,
B705,9/23/2024,SE,7/22/2025,AL,24,109D,Reussirella,doma,Aclonal,,2.49,
B706,9/23/2024,SE,7/22/2025,AL,24,109D,Reussirella,doma,Aclonal,,2.68,
B707,9/23/2024,SE,7/22/2025,AL,24,109D,Reussirella,doma,Aclonal,,2.71,
B708,9/23/2024,SE,7/22/2025,AL,24,109D,Discoporella,depressa,Aclonal,,2.83,
B709,9/23/2024,SE,7/22/2025,AL,24,109D,Discoporella,depressa,Aclonal,,3.03,
B710,9/23/2024,SE,7/22/2025,AL,24,109D,Discoporella,depressa,Aclonal,,4.56,
B711,9/23/2024,SE,7/22/2025,AL,24,109D,Discoporella,depressa,Aclonal,,5.02,
B712,9/23/2024,SE,7/22/2025,AL,24,109D,Discoporella,depressa,Aclonal,,5.04,
B713,9/23/2024,SE,7/22/2025,AL,24,109D,Discoporella,depressa,Aclonal,,6.73,
B714,9/25/2024,SE,7/22/2025,AL,24,109D,Discoporella,depressa,,,4.72,
B715,9/25/2024,SE,7/22/2025,AL,24,109D,Discoporella,depressa,,,6.62,
B716,9/25/2024,SE,7/22/2025,AL,24,109D,Discoporella,depressa,Clonal,,3.06,
B717,9/25/2024,SE,7/22/2025,AL,24,109D,Discoporella,depressa,Clonal,,3.09,
B718,9/25/2024,SE,7/22/2025,AL,24,109D,Discoporella,depressa,Clonal,,3.95,
B719,9/25/2024,SE,7/22/2025,AL,24,109D,Discoporella,depressa,Clonal,,4.21,
B720,9/30/2024,SE,7/22/2025,AL,24,98D,Discoporella,depressa,Aclonal,,2.98,
B721,9/30/2024,SE,7/22/2025,AL,24,98D,Discoporella,depressa,Aclonal,,2.97,
B722,9/30/2024,SE,7/22/2025,AL,24,98D,Discoporella,depressa,Aclonal,,3.51,
B723,9/30/2024,SE,7/22/2025,AL,24,98D,Discoporella,depressa,Aclonal,,3.16,
B724,9/30/2024,SE,7/22/2025,AL,24,98D,Discoporella,depressa,Aclonal,,3.73,
B725,9/30/2024,SE,7/22/2025,AL,24,98D,Discoporella,depressa,Aclonal,,3.96,
B726,9/30/2024,SE,7/22/2025,AL,24,98D,Discoporella,depressa,Aclonal,,4.07,
B727,9/30/2024,SE,7/22/2025,AL,24,98D,Discoporella,depressa,Aclonal,,4.09,
B728,9/30/2024,SE,7/22/2025,AL,24,98D,Discoporella,depressa,Aclonal,,5.26,
B729,9/30/2024,SE,7/22/2025,AL,24,98D,Discoporella,depressa,Aclonal,,4.73,
B730,9/30/2024,SE,7/22/2025,AL,24,98D,Discoporella,depressa,Aclonal,,6.09,
B731,9/30/2024,SE,7/22/2025,AL,24,98D,Discoporella,depressa,,,3.8,
B732,9/30/2024,SE,7/22/2025,AL,24,98D,Reussirella,doma,Aclonal,,2.39,
B733,9/30/2024,SE,7/22/2025,AL,24,98D,Reussirella,doma,Aclonal,,2.55,
B734,9/30/2024,SE,7/22/2025,AL,24,98D,Reussirella,doma,Aclonal,,2.98,
B735,9/30/2024,SE,7/22/2025,AL,24,119D,Reussirella,doma,Aclonal,,2.72,
B736,9/30/2024,SE,7/23/2025,AL,24,119D,Discoporella,depressa,Clonal,,3.58,
B737,9/30/2024,SE,7/23/2025,AL,24,119D,Discoporella,depressa,Aclonal,,4.09,
B738,9/30/2024,SE,7/23/2025,AL,24,119D,Discoporella,depressa,Aclonal,,4.39,
B739,9/30/2024,SE,7/23/2025,AL,24,119D,Discoporella,depressa,Aclonal,,4.72,
B740,9/30/2024,SE,7/23/2025,AL,24,119D,Discoporella,depressa,,,3.75,
B741,9/30/2024,SE,7/23/2025,AL,24,119D,Cupuladria,,Clonal,,5.49,
B742,9/30/2024,SE,7/23/2025,AL,24,28D,Discoporella,depressa,Clonal,,4.07,
B743,9/30/2024,SE,7/23/2025,AL,24,28D,Discoporella,depressa,Clonal,,4.06,
B744,10/2/2024,SE,7/23/2025,AL,24,28D,Discoporella,depressa,Clonal,,3.89,
B745,10/2/2024,SE,7/23/2025,AL,24,28D,Discoporella,depressa,Clonal,,3.92,
B746,10/2/2024,SE,7/23/2025,AL,24,28D,Discoporella,depressa,Clonal,,4.36,
B747,10/2/2024,SE,7/23/2025,AL,24,28D,Discoporella,depressa,Clonal,,4.34,
B748,10/2/2024,SE,7/23/2025,AL,24,28D,Discoporella,depressa,Clonal,,5.65,
B749,10/2/2024,SE,7/23/2025,AL,24,28D,Discoporella,depressa,Clonal,,4.46,
B750,10/2/2024,SE,7/23/2025,AL,24,28D,Discoporella,depressa,Clonal,,5.55,
B751,10/2/2024,SE,7/23/2025,AL,24,28D,Discoporella,depressa,Clonal,,5.53,
B752,10/23/24,SE,,AL,24,28D,Discoporella,depressa,Aclonal,,3.22,
B753,10/23/24,SE,7/23/2025,AL,24,28D,Discoporella,depressa,Aclonal,,3.22,
B754,10/23/24,SE,7/23/2025,AL,24,28D,Discoporella,depressa,Aclonal,,3.52,
B755,10/23/24,SE,7/23/2025,AL,24,28D,Discoporella,depressa,Aclonal,,3.69,
B756,10/23/24,SE,7/23/2025,AL,24,28D,Discoporella,depressa,Aclonal,,4.06,
B757,10/23/24,SE,7/23/2025,AL,24,28D,Discoporella,depressa,Aclonal,,4.34,
B758,10/23/24,SE,7/23/2025,AL,24,28D,Discoporella,depressa,Aclonal,,4.74,
B759,10/23/24,SE,7/23/2025,AL,24,28D,Discoporella,depressa,Aclonal,,4.59,
B760,10/23/24,SE,7/23/2025,AL,24,28D,Discoporella,depressa,Aclonal,,5.35,
B761,10/23/24,SE,7/23/2025,AL,24,28D,Discoporella,depressa,Aclonal,,5.22,
B762,10/28/24,SE,7/23/2025,AL,24,28D,Discoporella,depressa,Aclonal,,5.49,
B763,10/28/24,SE,7/23/2025,AL,24,28D,Discoporella,depressa,Aclonal,,6.23,
B764,10/28/24,SE,7/23/2025,AL,24,28D,Discoporella,depressa,,,4.15,
B765,10/28/24,SE,7/22/2025,AL,24,28D,Reussirella,doma,Aclonal,,2.74,
B766,10/28/24,SE,7/22/2025,AL,24,28D,Reussirella,doma,Aclonal,,2.78,
B767,10/28/24,SE,7/22/2025,AL,24,28D,Reussirella,doma,Aclonal,,2.7,
B768,10/28/24,SE,7/22/2025,AL,24,28D,Reussirella,doma,Aclonal,,2.67,
B769,10/28/24,SE,7/22/2025,AL,24,28D,Reussirella,doma,Aclonal,,2.66,
B770,10/28/24,SE,7/22/2025,AL,24,28D,Reussirella,doma,Aclonal,,2.75,
B771,10/28/24,SE,7/22/2025,AL,24,113D,Reussirella,doma,Aclonal,,2.62,
B772,11/4/24,SE,7/22/2025,AL,24,113D,Discoporella,depressa,Aclonal,,3.33,
B773,11/4/24,SE,7/22/2025,AL,24,113D,Discoporella,depressa,Aclonal,,3.3,
B774,11/4/24,SE,7/22/2025,AL,24,113D,Discoporella,depressa,Aclonal,,4.03,
B775,11/4/24,SE,7/22/2025,AL,24,113D,Discoporella,depressa,Aclonal,,4.49,
B776,11/4/24,SE,7/22/2025,AL,24,113D,Discoporella,depressa,Aclonal,,4.81,
B777,11/4/24,SE,7/22/2025,AL,24,113D,Discoporella,depressa,Aclonal,,5.13,
B778,11/4/24,SE,7/22/2025,AL,24,113D,Discoporella,depressa,Aclonal,,6.87,
B779,11/11/24,SE,7/22/2025,AL,24,113D,Discoporella,depressa,Aclonal,,4.05,
B780,11/11/24,SE,7/22/2025,AL,24,113D,Discoporella,depressa,,,7.91,
B781,11/11/24,SE,7/22/2025,AL,24,113D,Cupuladria,,Clonal,,10.59,
B782,11/11/24,SE,7/22/2025,AL,25,19D,Reussirella,doma,Aclonal,,2.65,
B783,11/11/24,SE,7/22/2025,AL,25,19D,Reussirella,doma,Aclonal,,2.77,
B784,11/11/24,SE,7/22/2025,AL,25,19D,Reussirella,doma,Aclonal,,2.61,
B785,11/11/24,SE,7/22/2025,AL,25,19D,Reussirella,doma,Aclonal,,2.96,
B786,11/11/24,SE,7/22/2025,AL,25,19D,Reussirella,doma,Aclonal,,2.8,
B787,11/11/24,SE,7/22/2025,AL,25,19D,Reussirella,doma,Aclonal,,3.14,
B788,11/11/24,SE,7/22/2025,AL,25,19D,Reussirella,doma,Aclonal,,2.87,
B789,11/11/24,SE,7/23/2025,AL,25,19D,Discoporella,depressa,Aclonal,,4.2,
B790,11/11/24,SE,7/23/2025,AL,25,19D,Discoporella,depressa,Aclonal,,4.19,
B791,11/11/24,SE,7/23/2025,AL,25,19D,Discoporella,depressa,Aclonal,,5.26,
B792,11/11/24,SE,7/23/2025,AL,25,19D,Discoporella,depressa,Aclonal,,6.08,
B793,11/11/24,SE,7/23/2025,AL,25,19D,Discoporella,depressa,Aclonal,,8.4,
B794,11/11/24,SE,7/23/2025,AL,25,19D,Discoporella,depressa,Clonal,,3.98,
B795,11/11/24,SE,7/23/2025,AL,25,19D,Discoporella,depressa,Clonal,,4.22,
B796,11/11/24,SE,7/23/2025,AL,25,19D,Discoporella,depressa,Clonal,,6.68,
B797,11/11/24,SE,7/23/2025,AL,25,19D,Cupuladria,,Clonal,,3.14,
B798,11/11/24,SE,7/23/2025,AL,25,19D,Cupuladria,,Clonal,,3.67,
B799,11/11/24,SE,7/23/2025,AL,25,19D,Cupuladria,,Clonal,,3.54,
B800,11/11/24,SE,7/22/25,AL,25,19D,Cupuladria,,Clonal,,5,
B801,11/11/24,SE,7/22/25,AL,24,92D,Cupuladria,,Clonal,,5.54,
B802,11/11/24,SE,7/22/25,AL,24,92D,Discoporella,depressa,Aclonal,,3.37,
B803,11/11/24,SE,7/22/25,AL,24,92D,Discoporella,depressa,Aclonal,,3.34,
B804,11/11/24,SE,7/22/25,AL,24,92D,Discoporella,depressa,Aclonal,,3.97,
B805,11/11/24,SE,7/22/25,AL,24,92D,Discoporella,depressa,Aclonal,,3.91,
B806,11/11/24,SE,7/22/25,AL,24,92D,Discoporella,depressa,Aclonal,,3.89,
B807,11/11/24,SE,7/22/25,AL,24,92D,Discoporella,depressa,Aclonal,,4.28,
B808,12/2/24,SE,7/22/25,AL,24,92D,Discoporella,depressa,Aclonal,,4.77,
B809,12/2/24,SE,7/22/25,AL,24,92D,Discoporella,depressa,Clonal,,3.71,
B810,12/2/24,SE,7/22/25,AL,24,92D,Discoporella,depressa,Clonal,,3.63,
B811,12/2/24,SE,7/22/25,AL,24,92D,Discoporella,depressa,,,7.39,
B812,12/2/24,SE,7/22/25,AL,24,92D,Reussirella,doma,Aclonal,,2.73,
B813,12/2/24,SE,7/22/25,AL,24,92D,Reussirella,doma,Aclonal,,2.66,
B814,12/2/24,SE,7/22/25,AL,24,92D,Reussirella,doma,Aclonal,,2.91,
B815,12/2/24,SE,7/22/25,AL,24,92D,Reussirella,doma,Aclonal,,2.71,
B816,12/2/24,SE,7/22/25,AL,21,99D,Reussirella,doma,Aclonal,,2.77,
B817,12/2/24,SE,7/22/25,AL,21,99D,Reussirella,doma,Aclonal,,2.94,
B818,12/2/24,SE,7/22/25,AL,21,99D,Discoporella,depressa,Aclonal,,3.07,
B819,12/2/24,SE,7/22/25,AL,21,99D,Discoporella,depressa,Aclonal,,3.67,
B820,4/23/25,SE,7/22/25,AL,21,99D,Discoporella,depressa,Aclonal,,4.55,
B821,4/23/25,SE,7/22/25,AL,21,99D,Discoporella,depressa,Aclonal,,5.98,
B822,05/01/25,SE,08/20/25,AL,21,99D,Discoporella,depressa,Clonal,,4.9,
B823,05/01/25,SE,08/20/25,AL,21,99D,Discoporella,depressa,Clonal,,3.96,
B824,05/01/25,SE,08/20/25,AL,21,99D,Discoporella,depressa,Clonal,,4.84,
B825,07/14/25,SE,7/22/25,AL,21,99D,Discoporella,depressa,Clonal,,5.04,
B826,07/14/25,SE,7/22/25,AL,21,99D,Discoporella,depressa,Clonal,,6.18,
B827,07/16/25,SE,7/22/25,AL,21,99D,Discoporella,depressa,,,8.04,
B828,07/16/25,SE,7/22/25,AL,21,99D,Cupuladria,,Clonal,,4.55,
B829,07/16/25,SE,7/22/25,AL,21,99D,Cupuladria,,Clonal,,3.34,
B830,07/16/25,SE,7/22/25,AL,21,99D,Cupuladria,,,,5.27,
B831,7/16,SE,7/22/25,AL,24,66D,Cupuladria,,Aclonal,,8.77,
B832,07/16/25,SE,7/22/25,AL,24,66D,Discoporella,depressa,Aclonal,,3.36,
B833,,,,AL,24,66D,Discoporella,depressa,Aclonal,,6.22,
B834,7/16/25,SE,7/22/25,AL,24,66D,Discoporella,depressa,Clonal,,3.8,
B835,7/16/25,SE,7/22/25,AL,24,66D,Discoporella,depressa,Clonal,,3.56,
B836,7/16/25,SE,7/22/25,AL,24,66D,Discoporella,depressa,,,3.3,
B837,07/16/25,SE,7/22/25,AL,24,103D,Discoporella,depressa,Aclonal,,2.9,
B838,07/16/25,SE,7/22/25,AL,24,103D,Discoporella,depressa,Aclonal,,4.78,
B839,7/16/25,SE,7/22/25,AL,24,103D,Discoporella,depressa,,,3.49,
B840,4/23/25,SE,7/22/25,AL,24,103D,Reussirella,doma,Aclonal,,2.84,
B841,4/23/25,SE,7/22/25,AL,24,103D,Reussirella,doma,Aclonal,,2.62,
B842,7/16/25,SE,7/22/25,AL,24,103D,Discoporella,depressa,Clonal,,3.49,
B843,07/18/25,SE,7/22/25,AL,24,121D,Discoporella,depressa,,,3.76,
B844,07/18/25,SE,7/22/25,AL,24,121D,Discoporella,depressa,,,3.29,
B845,07/18/25,SE,7/22/25,AL,24,121D,Discoporella,depressa,Aclonal,,4.59,
B846,07/18/25,SE,7/22/25,AL,24,121D,Cupuladria,,Clonal,,6.9,
B847,07/18/25,SE,7/22/25,AL,24,121D,Cupuladria,,Clonal,,4,
B848,07/18/25,SE,7/22/25,AL,24,121D,Cupuladria,,Clonal,,5.09,
B849,07/18/25,SE,7/22/25,AL,24,121D,Reussirella,doma,Aclonal,,2.58,
B850,07/18/25,SE,7/22/25,AL,24,121D,Reussirella,doma,Aclonal,,2.61,
B851,07/18/25,SE,7/22/25,AL,24,121D,Reussirella,doma,Aclonal,,3.15,
B852,07/18/25,SE,7/22/25,AL,24,121D,Reussirella,doma,Aclonal,,2.85,
B853,07/18/25,SE,7/22/25,AL,24,121D,Reussirella,doma,Aclonal,,2.96,wax
B854,07/22/25,SE,08/20/25,AL,21,2D,Discoporella,depressa,Clonal,,3.38,
B855,07/22/25,SE,8/11/25,AL,21,2D,Discoporella,depressa,Clonal,,4.4,
B856,07/22/25,SE,8/11/25,AL,21,2D,Discoporella,depressa,Clonal,,6.48,
B857,07/22/25,SE,8/11/25,AL,21,2D,Discoporella,depressa,Clonal,,5.17,
B858,07/22/25,SE,8/11/25,AL,21,2D,Discoporella,depressa,Clonal,,4.76,
B859,07/22/25,SE,8/11/25,AL,21,2D,Reussirella,doma,Aclonal,,2.85,
B860,07/22/25,SE,8/11/25,AL,21,2D,Cupuladria,,Clonal,,6.76,
B861,07/22/25,SE,8/11/25,AL,24,58D,Discoporella,depressa,Aclonal,,3.33,
B862,07/22/25,SE,8/11/25,AL,24,58D,Discoporella,depressa,Aclonal,,3.92,
B863,07/22/25,SE,8/11/25,AL,24,58D,Discoporella,depressa,Aclonal,,3.5,
B864,07/22/25,SE,8/11/25,AL,24,58D,Discoporella,depressa,Aclonal,,5.27,
B865,07/22/25,SE,8/11/25,AL,24,58D,Discoporella,depressa,Clonal,,6,
B866,07/22/25,SE,8/11/25,AL,24,58D,Discoporella,depressa,Clonal,,6.84,
B867,07/22/25,SE,8/11/25,AL,24,58D,Reussirella,doma,Aclonal,,2.72,
B868,07/22/25,SE,8/11/25,AL,24,58D,Reussirella,doma,Aclonal,,2.77,
B869,07/22/25,SE,8/11/25,AL,24,58D,Reussirella,doma,Aclonal,,2.91,
B870,07/22/25,SE,8/11/25,AL,21,74D,Discoporella,depressa,Clonal,,7.81,
B871,07/22/25,SE,8/11/25,AL,21,74D,Discoporella,depressa,Clonal,,5.77,
B872,07/22/25,SE,8/11/25,AL,21,74D,Discoporella,depressa,,,6.65,
B873,07/22/25,SE,8/11/25,AL,21,74D,Reussirella,doma,Aclonal,,2.58,
B874,07/22/25,SE,8/11/25,AL,21,74D,Reussirella,doma,Aclonal,,2.87,
B875,07/22/25,SE,8/11/25,AL,21,74D,Reussirella,doma,Aclonal,,2.78,
B876,07/22/25,SE,8/11/25,AL,21,74D,Reussirella,doma,Aclonal,,3.23,
B877,07/22/25,SE,8/11/25,AL,21,74D,Cupuladria,,Clonal,,4.16,
B878,07/22/25,SE,8/11/25,AL,21,74D,Cupuladria,,Clonal,,4.03,
B879,07/22/25,SE,8/11/25,AL,21,66D,Reussirella,doma,Aclonal,,2.75,
B880,07/22/25,SE,8/11/25,AL,21,66D,Discoporella,depressa,Aclonal,,6.16,
B881,07/22/25,SE,8/11/25,AL,21,66D,Discoporella,depressa,Aclonal,,5.4,
B882,07/22/25,SE,8/11/25,AL,21,66D,Discoporella,depressa,Aclonal,,5.45,
B883,07/22/25,SE,8/11/25,AL,21,66D,Cupuladria,,Clonal,,3.81,
B884,07/22/25,SE,8/11/25,AL,22,161D,Reussirella,doma,Aclonal,,2.44,
B885,07/22/25,SE,8/11/25,AL,22,161D,Reussirella,doma,Aclonal,,2.67,
B886,07/22/25,SE,8/11/25,AL,22,161D,Reussirella,doma,Aclonal,,2.51,
B887,,,,AL,22,161D,Reussirella,doma,Aclonal,,2.75,Lost
B888,07/22/25,SE,8/11/25,AL,22,161D,Reussirella,doma,Aclonal,,2.91,
B889,07/22/25,SE,8/11/25,AL,22,161D,Reussirella,doma,Aclonal,,2.82,
B890,07/22/25,SE,8/11/25,AL,22,161D,Reussirella,doma,Aclonal,,2.65,
B891,07/24/25,SE,8/11/25,AL,22,161D,Reussirella,doma,Aclonal,,2.94,
B892,07/24/25,SE,8/11/25,AL,22,161D,Reussirella,doma,Aclonal,,2.62,
B893,07/24/25,SE,8/11/25,AL,22,161D,Reussirella,doma,Aclonal,,2.77,
B894,,,,AL,22,161D,Reussirella,doma,Aclonal,,2.95,Lost
B895,07/30/25,SE,8/11/25,AL,22,161D,Reussirella,doma,Aclonal,,2.74,
B896,07/30/25,SE,8/11/25,AL,22,161D,Cupuladria,,,,6.66,
B897,07/30/25,SE,8/11/25,AL,22,161D,Cupuladria,,,,3.83,
B898,07/30/25,SE,8/11/25,AL,22,161D,Cupuladria,,,,4.24,
B899,07/31/25,SE,8/11/25,AL,22,161D,Cupuladria,,Clonal,,8.4,
B900,07/30/25,SE,8/12/25,AL,22,161D,Cupuladria,,Clonal,,4.82,
B901,07/31/25,SE,8/12/25,AL,22,161D,Cupuladria,,Clonal,,5.66,
B902,07/31/25,SE,8/12/25,AL,22,161D,Cupuladria,,Clonal,,6.04,
B903,07/31/25,SE,8/12/25,AL,22,161D,Discoporella,depressa,Aclonal,,3.47,
B904,07/31/25,SE,8/12/25,AL,22,161D,Discoporella,depressa,Clonal,,4.14,
B905,07/31/25,SE,8/12/25,AL,22,161D,Discoporella,depressa,Clonal,,3.87,
B906,07/31/25,SE,8/12/25,AL,22,161D,Discoporella,depressa,Clonal,,3.71,
B907,07/31/25,SE,8/12/25,AL,24,117D,Reussirella,doma,Aclonal,,3,
B908,07/31/25,SE,8/12/25,AL,24,117D,Cupuladria,,Aclonal,,3.09,
B909,07/31/25,SE,8/12/25,AL,24,117D,Discoporella,depressa,Aclonal,,4.89,
B910,07/31/25,SE,8/12/25,AL,24,117D,Discoporella,depressa,Clonal,,4.75,
B911,07/31/25,SE,8/12/25,AL,24,117D,Discoporella,depressa,Clonal,,3.62,
B912,07/31/25,SE,8/12/25,AL,21,69D,Discoporella,depressa,Clonal,,3.83,
B913,07/31/25,SE,8/12/25,AL,21,69D,Reussirella,doma,Aclonal,,2.84,
B914,07/31/25,SE,8/12/25,AL,21,69D,Reussirella,doma,Aclonal,,3.21,
B915,07/31/25,SE,8/12/25,AL,21,69D,Reussirella,doma,Aclonal,,3.01,
B916,07/31/25,SE,8/12/25,AL,21,69D,Reussirella,doma,Aclonal,,2.86,
B917,07/31/25,SE,8/12/25,AL,21,69D,Reussirella,doma,Aclonal,,2.65,
B918,07/31/25,SE,8/12/25,AL,21,65D,Discoporella,depressa,Clonal,,5.49,
B919,07/31/25,SE,8/12/25,AL,21,65D,Cupuladria,,Clonal,,3.19,
B920,07/31/25,SE,8/12/25,AL,22,104D,Cupuladria,,Clonal,,9.02,
B921,07/31/25,SE,8/12/25,AL,22,104D,Discoporella,depressa,Clonal,,3.42,
B922,07/31/25,SE,8/12/25,AL,22,104D,Reussirella,doma,Aclonal,,2.41,
B923,07/31/25,SE,8/12/25,AL,22,104D,Reussirella,doma,Aclonal,,2.86,
B924,07/31/25,SE,8/12/25,AL,22,104D,Reussirella,doma,Aclonal,,2.65,
B925,07/31/25,SE,8/12/25,AL,22,104D,Reussirella,doma,Aclonal,,2.46,
B926,07/31/25,SE,8/12/25,AL,22,104D,Reussirella,doma,Aclonal,,2.86,
B927,07/31/25,SE,8/12/25,AL,22,104D,Reussirella,doma,Aclonal,,2.73,
B928,07/31/25,SE,8/12/25,AL,21,81D,Reussirella,doma,Aclonal,,2.48,
B929,07/31/25,SE,8/20/25,AL,21,81D,Discoporella,depressa,Aclonal,,8.48,
B930,,,,AL,21,81D,Discoporella,depressa,Aclonal,,,Lost
B931,07/31/25,SE,8/20/25,AL,21,81D,Discoporella,depressa,Aclonal,,5.01,
B932,,,,AL,21,81D,Discoporella,depressa,Clonal,,3.98,Lost
B933,07/31/25,SE,8/20/25,AL,21,81D,Discoporella,depressa,Clonal,,4.52,
B934,08/01/25,SE,8/20/25,AL,25,38D,Discoporella,depressa,Aclonal,,5.46,
B935,08/01/25,SE,8/20/25,AL,25,38D,Discoporella,depressa,Aclonal,,5.2,
B936,08/01/25,SE,8/20/25,AL,25,38D,Discoporella,depressa,Aclonal,,5,
B937,08/01/25,SE,8/20/25,AL,25,38D,Discoporella,depressa,Aclonal,,4.83,
B938,08/01/25,SE,8/20/25,AL,25,38D,Discoporella,depressa,Aclonal,,3.87,
B939,08/01/25,SE,8/20/25,AL,25,38D,Discoporella,depressa,Aclonal,,3.78,
B940,08/01/25,SE,8/20/25,AL,25,38D,Discoporella,depressa,Aclonal,,3.47,
B941,08/01/25,SE,8/20/25,AL,25,38D,Discoporella,depressa,Clonal,,5.88,
B942,08/01/25,SE,8/20/25,AL,25,38D,Discoporella,depressa,Clonal,,4.04,
B943,08/01/25,SE,8/20/25,AL,25,38D,Discoporella,depressa,Clonal,,4.13,
B944,08/01/25,SE,8/20/25,AL,25,38D,Reussirella,doma,Aclonal,,2.73,
B945,08/01/25,SE,8/20/25,AL,25,38D,Reussirella,doma,Aclonal,,2.58,
B946,08/01/25,SE,8/21/25,AL,25,38D,Reussirella,doma,Aclonal,,2.79,
B947,08/01/25,SE,8/21/25,AL,25,38D,Reussirella,doma,Aclonal,,2.75,
B948,08/01/25,SE,8/21/25,AL,25,38D,Cupuladria,,Clonal,,6.32,
B949,08/01/25,SE,8/21/25,AL,25,38D,Cupuladria,,Clonal,,3.17,
B950,08/01/25,SE,8/21/25,AL,25,38D,Cupuladria,,Clonal,,4.2,
B951,08/01/25,SE,8/21/25,AL,25,38D,Cupuladria,,Clonal,,7.61,
B952,08/01/25,SE,8/21/25,AL,21,55D,Discoporella,depressa,Clonal,,4.13,
B953,08/04/25,SE,8/21/25,AL,21,55D,Discoporella,depressa,Clonal,,5.02,
B954,08/04/25,SE,8/21/25,AL,21,55D,Discoporella,depressa,Clonal,,3.43,
B955,08/04/25,SE,8/21/25,AL,21,55D,Discoporella,depressa,Clonal,,5.04,
B956,08/04/25,SE,8/21/25,AL,21,55D,Cupuladria,,Clonal,,4.91,
B957,08/04/25,SE,8/21/25,AL,21,55D,Cupuladria,,Clonal,,6.72,
B958,08/04/25,SE,8/21/25,AL,21,55D,Cupuladria,,Clonal,,4.45,
B959,08/04/25,SE,8/21/25,AL,21,55D,Reussirella,doma,Aclonal,,2.67,
B960,08/04/25,SE,8/21/25,AL,21,75D,Discoporella,depressa,Aclonal,,4.01,
B961,08/04/25,SE,8/21/25,AL,21,75D,Discoporella,depressa,Aclonal,,6.66,
B962,08/04/25,SE,8/21/25,AL,21,75D,Discoporella,depressa,Aclonal,,3.93,
B963,08/04/25,SE,8/21/25,AL,21,75D,Discoporella,depressa,Aclonal,,3.54,
B964,08/04/25,SE,8/21/25,AL,21,75D,Reussirella,doma,Aclonal,,2.61,
B965,08/04/25,SE,8/21/25,AL,21,75D,Reussirella,doma,Aclonal,,3.27,
B966,08/04/25,SE,8/21/25,AL,21,75D,Reussirella,doma,Aclonal,,2.68,
B967,08/04/25,SE,8/21/25,AL,21,75D,Reussirella,doma,Aclonal,,2.78,
B968,08/04/25,SE,8/21/25,AL,21,75D,Reussirella,doma,Aclonal,,2.78,
B969,08/04/25,SE,8/21/25,AL,21,75D,Discoporella,depressa,Clonal,,3.42,
B970,08/04/25,SE,8/21/25,AL,21,75D,Discoporella,depressa,Clonal,,4.31,
B971,08/04/25,SE,8/21/25,AL,25,22D,Discoporella,depressa,Aclonal,,5.62,
B972,08/04/25,SE,8/21/25,AL,25,22D,Discoporella,depressa,Aclonal,,5.5,
B973,,,,AL,25,22D,Discoporella,depressa,Aclonal,,3.62,Lost
B974,08/04/25,SE,8/21/25,AL,25,22D,Discoporella,depressa,Aclonal,,3.21,
B975,08/04/25,SE,8/21/25,AL,25,22D,Discoporella,depressa,Aclonal,,4.91,
B976,08/04/25,SE,8/21/25,AL,25,22D,Discoporella,depressa,Clonal,,4.65,
B977,08/05/25,SE,8/21/25,AL,25,22D,Discoporella,depressa,Clonal,,5.26,
B978,08/05/25,SE,8/21/25,AL,25,22D,Reussirella,doma,Aclonal,,2.76,
B979,08/05/25,SE,8/21/25,AL,25,22D,Reussirella,doma,Aclonal,,2.77,
B980,08/05/25,SE,8/21/25,AL,25,22D,Reussirella,doma,Aclonal,,2.87,
B981,,,,AL,25,22D,Reussirella,doma,Aclonal,,,lost
B982,08/05/25,SE,8/21/25,AL,25,22D,Reussirella,doma,Aclonal,,2.88,
B983,08/05/25,SE,8/21/25,AL,25,22D,Reussirella,doma,Aclonal,,2.42,
B984,08/05/25,SE,8/21/25,AL,24,90D,Reussirella,doma,Aclonal,,3.03,
B985,,,,AL,24,90D,Reussirella,doma,Aclonal,,2.88,Lost
B986,08/05/25,SE,8/21/25,AL,24,90D,Reussirella,doma,Aclonal,,2.82,
B987,08/05/25,SE,8/21/25,AL,24,90D,Reussirella,doma,Aclonal,,2.94,
B988,08/05/25,SE,8/21/25,AL,24,90D,Reussirella,doma,Aclonal,,3.08,
B989,08/05/25,SE,8/21/25,AL,24,90D,Reussirella,doma,Aclonal,,2.92,
B990,08/05/25,SE,8/21/25,AL,24,116D,Reussirella,doma,Aclonal,,2.83,
B991,08/05/25,SE,8/21/25,AL,24,116D,Reussirella,doma,Aclonal,,2.73,
B992,08/05/25,SE,8/21/25,AL,24,116D,Cupuladria,,Clonal,,3.94,
B993,08/05/25,SE,8/21/25,AL,24,116D,Discoporella,depressa,Aclonal,,4.78,
B994,08/05/25,SE,8/21/25,AL,24,116D,Discoporella,depressa,Aclonal,,3.9,
B995,08/05/25,SE,8/21/25,AL,24,116D,Discoporella,depressa,Clonal,,3.3,
B996,08/05/25,SE,8/21/25,AL,25,33D,Discoporella,depressa,Clonal,,4.3,
B997,08/05/25,SE,8/21/25,AL,25,33D,Discoporella,depressa,Clonal,,3.81,
B998,08/05/25,SE,8/21/25,AL,25,33D,Discoporella,depressa,Clonal,,6.02,
B999,08/05/25,SE,8/21/25,AL,25,33D,Discoporella,depressa,Clonal,,4.51,
B1000,08/05/25,SE,8/21/25,AL,25,33D,Discoporella,depressa,Clonal,,3.7,
B1001,08/05/25,SE,8/21/25,AL,25,33D,Discoporella,depressa,Clonal,,4.48,
B1002,08/05/25,SE,8/21/25,AL,25,33D,Discoporella,depressa,Clonal,,5.5,
B1003,08/05/25,SE,8/21/25,AL,25,33D,Discoporella,depressa,Clonal,,6.49,
B1004,08/05/25,SE,8/21/25,AL,25,33D,Discoporella,depressa,Clonal,,5.02,
B1005,,,,AL,25,33D,Discoporella,depressa,Clonal,,6.81,Lost
B1006,08/05/25,SE,8/21/25,AL,25,33D,Discoporella,depressa,Aclonal,,4.72,
B1007,08/05/25,SE,8/21/25,AL,25,33D,Discoporella,depressa,Aclonal,,3.66,
B1008,08/05/25,SE,8/21/25,AL,25,33D,Discoporella,depressa,Aclonal,,6.54,
B1009,08/06/25,SE,8/21/25,AL,25,33D,Discoporella,depressa,Aclonal,,3.77,
B1010,08/06/25,SE,8/21/25,AL,25,33D,Discoporella,depressa,Aclonal,,4.97,
B1011,08/06/25,SE,8/21/25,AL,25,33D,Discoporella,depressa,Aclonal,,5.02,
B1012,08/06/25,SE,8/21/25,AL,25,33D,Discoporella,depressa,Aclonal,,4.11,
B1013,08/06/25,SE,8/21/25,AL,25,33D,Discoporella,depressa,Aclonal,,4.75,
B1014,08/06/25,SE,8/21/25,AL,25,33D,Discoporella,depressa,Aclonal,,4.65,
B1015,08/06/25,SE,8/21/25,AL,25,33D,Discoporella,depressa,Aclonal,,3.26,
B1016,08/06/25,SE,8/21/25,AL,25,33D,Discoporella,depressa,,,3.32,
B1017,08/06/25,SE,8/21/25,AL,25,33D,Cupuladria,,Clonal,,6.72,
B1018,08/06/25,SE,8/21/25,AL,25,33D,Reussirella,doma,Aclonal,,2.85,
B1019,08/06/25,SE,8/21/25,AL,25,33D,Reussirella,doma,Aclonal,,3.04,
B1020,08/06/25,SE,8/21/25,AL,25,33D,Reussirella,doma,Aclonal,,2.78,
B1021,08/06/25,SE,8/21/25,AL,25,33D,Reussirella,doma,Aclonal,,2.97,
B1022,08/06/25,SE,8/21/25,AL,25,33D,Reussirella,doma,Aclonal,,3.01,
B1023,08/06/25,SE,8/21/25,AL,25,33D,Reussirella,doma,Aclonal,,2.8,
B1024,08/06/25,SE,8/21/25,AL,25,33D,Reussirella,doma,Aclonal,,2.85,
B1025,08/06/25,SE,8/21/25,AL,25,33D,Reussirella,doma,Aclonal,,2.8,
B1026,08/06/25,SE,8/21/25,AL,25,33D,Reussirella,doma,Aclonal,,2.81,
B1027,08/06/25,SE,8/21/25,AL,25,33D,Reussirella,doma,Aclonal,,3.23,
B1028,08/06/25,SE,8/21/25,AL,25,33D,Reussirella,doma,Aclonal,,2.83,
B1029,08/06/25,SE,8/21/25,AL,25,33D,Reussirella,doma,Aclonal,,3.02,
B1030,08/06/25,SE,8/21/25,AL,22,48D,Reussirella,doma,Aclonal,,2.75,
B1031,08/06/25,SE,8/21/25,AL,22,48D,Reussirella,doma,Aclonal,,2.88,
B1032,08/06/25,SE,8/21/25,AL,22,48D,Reussirella,doma,Aclonal,,2.7,
B1033,08/06/25,SE,8/21/25,AL,22,48D,Reussirella,doma,Aclonal,,2.74,
B1034,08/06/25,SE,8/21/25,AL,22,48D,Reussirella,doma,Aclonal,,2.58,
B1035,08/06/25,SE,8/21/25,AL,22,48D,Reussirella,doma,Aclonal,,2.92,
B1036,08/06/25,SE,8/21/25,AL,22,48D,Reussirella,doma,Aclonal,,3.06,
B1037,08/06/25,SE,8/21/25,AL,22,48D,Reussirella,doma,Aclonal,,2.76,
B1038,08/06/25,SE,8/21/25,AL,22,48D,Reussirella,doma,Aclonal,,2.63,
B1039,08/06/25,SE,8/21/25,AL,22,48D,Reussirella,doma,Aclonal,,2.25,
B1040,08/06/25,SE,8/21/25,AL,22,48D,Reussirella,doma,Aclonal,,2.66,
B1041,08/06/25,SE,8/21/25,AL,22,48D,Reussirella,doma,Aclonal,,2.98,
B1042,08/07/25,SE,8/21/25,AL,22,48D,Reussirella,doma,Aclonal,,2.37,
B1043,08/07/25,SE,8/21/25,AL,22,48D,Reussirella,doma,Aclonal,,3.05,
B1044,08/07/25,SE,8/21/25,AL,22,48D,Reussirella,doma,Aclonal,,2.71,
B1045,08/07/25,SE,8/21/25,AL,22,48D,Reussirella,doma,Aclonal,,3.02,
B1046,,,,AL,22,48D,Reussirella,doma,Aclonal,,,lost
B1047,08/07/25,SE,8/21/25,AL,22,48D,Reussirella,doma,Aclonal,,2.75,
B1048,08/07/25,SE,8/21/25,AL,22,48D,Discoporella,depressa,Aclonal,,2.28,
B1049,08/07/25,SE,8/21/25,AL,22,48D,Discoporella,depressa,Aclonal,,5.62,
B1050,08/07/25,SE,8/21/25,AL,22,48D,Discoporella,depressa,Aclonal,,4.76,
B1051,08/07/25,SE,8/21/25,AL,22,48D,Discoporella,depressa,Clonal,,3.99,
B1052,08/12/25,SE,8/21/25,AL,22,48D,Discoporella,depressa,Clonal,,5.44,
B1053,,SE,,FL,24,46D,Discoporella,depressa,Clonal,,7.95,lost
B1054,08/12/25,SE,8/21/25,FL,24,46D,Discoporella,depressa,,,6.57,
B1055,08/12/25,SE,8/21/25,FL,24,46D,Discoporella,depressa,,,6.43,
B1056,08/12/25,SE,8/21/25,FL,24,46D,Discoporella,depressa,Aclonal,,4.31,
B1057,08/12/25,SE,8/21/25,FL,24,46D,Discoporella,depressa,Aclonal,,3.97,
B1058,08/12/25,SE,8/21/25,FL,24,46D,Discoporella,depressa,Aclonal,,3.11,
B1059,08/12/25,SE,8/21/25,FL,24,46D,Discoporella,depressa,Aclonal,,4.46,
B1060,08/12/25,SE,8/21/25,FL,24,46D,Discoporella,depressa,Aclonal,,5.28,
B1061,08/12/25,SE,8/21/25,FL,24,46D,Discoporella,depressa,Aclonal,,4.64,
B1062,08/12/25,SE,8/21/25,FL,24,46D,Discoporella,depressa,Aclonal,,4.43,
B1063,08/12/25,SE,8/21/25,FL,24,46D,Discoporella,depressa,Aclonal,,3.93,
B1064,08/12/25,SE,8/21/25,FL,24,46D,Discoporella,depressa,Aclonal,,5.29,
B1065,08/12/25,SE,8/21/25,FL,24,46D,Discoporella,depressa,Aclonal,,4.03,
B1066,08/12/25,SE,8/21/25,FL,24,46D,Discoporella,depressa,Aclonal,,3.94,
B1067,08/12/25,SE,8/21/25,FL,24,46D,Discoporella,depressa,Aclonal,,3.25,
B1068,08/12/25,SE,8/21/25,FL,24,46D,Discoporella,depressa,Aclonal,,3.57,
B1069,08/12/25,SE,8/21/25,FL,24,46D,Discoporella,depressa,Aclonal,,3.74,
B1070,08/12/25,SE,8/21/25,FL,24,46D,Discoporella,depressa,Aclonal,,4.11,
B1071,08/12/25,SE,8/21/25,FL,24,46D,Discoporella,depressa,Aclonal,,4.48,
B1072,08/12/25,SE,8/21/25,FL,24,46D,Cupuladria,,Clonal,,7.34,
B1073,08/12/25,SE,8/21/25,FL,24,46D,Cupuladria,,Clonal,,4.42,
B1074,08/13/25,SE,8/21/25,FL,24,46D,Cupuladria,,Aclonal,,4.13,
B1075,08/13/25,SE,8/21/25,FL,24,46D,Cupuladria,,Aclonal,,3.79,
B1076,08/13/25,SE,8/21/25,FL,24,46D,Cupuladria,,Aclonal,,3.77,
B1077,08/13/25,SE,8/21/25,FL,24,46D,Cupuladria,,Aclonal,,3,
B1078,,,,FL,24,46D,Cupuladria,,Aclonal,,7.88,lost
B1079,08/13/25,SE,8/21/25,FL,24,46D,Cupuladria,,Aclonal,,5.3,
B1080,08/13/25,SE,8/21/25,FL,24,46D,Cupuladria,,Aclonal,,4.94,
B1081,08/13/25,SE,8/21/25,FL,24,46D,Cupuladria,,Aclonal,,5.46,
B1082,08/13/25,SE,8/21/25,FL,24,46D,Cupuladria,,Aclonal,,3.8,
B1083,08/13/25,SE,8/21/25,FL,24,46D,Cupuladria,,Aclonal,,3.95,
B1084,08/13/25,SE,8/21/25,FL,24,46D,Cupuladria,,Aclonal,,5.77,
B1085,08/13/25,SE,8/21/25,FL,24,46D,Cupuladria,,Aclonal,,4.77,
B1086,08/13/25,SE,8/21/25,FL,24,46D,Cupuladria,,Aclonal,,6.07,
B1087,08/13/25,SE,8/21/25,FL,24,46D,Cupuladria,,Aclonal,,3.81,
B1088,,,,FL,24,46D,Reussirella,doma,Aclonal,,,lost
B1089,08/13/25,SE,8/21/25,FL,24,46D,Reussirella,doma,Aclonal,,3.04,
B1090,08/13/25,SE,8/21/25,FL,24,46D,Reussirella,doma,Aclonal,,3.08,
B1091,08/13/25,SE,8/21/25,FL,24,46D,Reussirella,doma,Aclonal,,3.24,
B1092,08/13/25,SE,8/21/25,FL,24,46D,Reussirella,doma,Aclonal,,3.42,
B1093,08/13/25,SE,8/21/25,FL,24,46D,Reussirella,doma,Aclonal,,4.51,
B1094,08/13/25,SE,8/21/25,FL,24,46D,Reussirella,doma,Aclonal,,3.3,
B1095,08/13/25,SE,8/21/25,FL,24,46D,Reussirella,doma,Aclonal,,3.21,
B1096,08/13/25,SE,8/21/25,FL,24,46D,Reussirella,doma,Aclonal,,3.23,
B1097,08/13/25,SE,8/21/25,FL,24,46D,Reussirella,doma,Aclonal,,3.11,
B1098,08/13/25,SE,8/21/25,FL,24,46D,Reussirella,doma,Aclonal,,2.86,
B1099,08/13/25,SE,8/21/25,FL,24,46D,Reussirella,doma,Aclonal,,2.81,
B1100,09/22/2025,SE,10/3/2025,FL,24,46D,Reussirella,doma,Aclonal,,2.62,
B1101,09/22/2025,SE,10/3/2025,FL,24,46D,Reussirella,doma,Aclonal,,2.67,
B1102,09/22/2025,SE,10/3/2025,FL,24,46D,Reussirella,doma,Aclonal,,3.09,
B1103,09/22/2025,SE,10/3/2025,FL,24,46D,Reussirella,doma,Aclonal,,4.07,
B1104,09/22/2025,SE,10/3/2025,FL,24,46D,Reussirella,doma,Aclonal,,2.8,
B1105,09/22/2025,SE,10/3/2025,FL,24,46D,Reussirella,doma,Aclonal,,2.97,
B1106,09/22/2025,SE,10/3/2025,FL,24,46D,Reussirella,doma,Aclonal,,3.37,
B1107,,,,FL,24,46D,Reussirella,doma,Aclonal,,,lost
B1108,09/22/2025,SE,10/3/2025,FL,24,46D,Reussirella,doma,Aclonal,,2.75,
B1109,09/22/2025,SE,10/3/2025,FL,24,46D,Reussirella,doma,Aclonal,,3.1,
B1110,09/22/2025,SE,10/3/2025,FL,24,46D,Reussirella,doma,Aclonal,,3.33,
B1111,09/22/2025,SE,10/3/2025,FL,24,46D,Reussirella,doma,Aclonal,,2.94,
B1112,09/22/2025,SE,10/3/2025,FL,24,46D,Reussirella,doma,Aclonal,,2.82,
B1113,09/22/2025,SE,10/3/2025,FL,24,46D,Reussirella,doma,Aclonal,,3.43,
B1114,09/22/2025,SE,10/3/2025,FL,24,46D,Reussirella,doma,Aclonal,,2.59,
B1115,09/22/2025,SE,10/3/2025,FL,24,46D,Reussirella,doma,Aclonal,,3.24,
B1116,9/25/25,SE,10/3/2025,FL,24,46D,Reussirella,doma,Aclonal,,3.71,
B1117,9/25/25,SE,10/3/2025,FL,24,46D,Reussirella,doma,Aclonal,,2.93,
B1118,9/25/25,SE,10/3/2025,FL,24,46D,Reussirella,doma,Aclonal,,2.9,
B1119,9/25/25,SE,10/3/2025,FL,24,46D,Reussirella,doma,Aclonal,,3.14,
B1120,9/25/25,SE,10/3/2025,FL,24,46D,Reussirella,doma,Aclonal,,3.43,
B1121,9/25/25,SE,10/3/2025,FL,24,46D,Reussirella,doma,Aclonal,,3.17,
B1122,9/25/25,SE,10/3/2025,FL,24,46D,Reussirella,doma,Aclonal,,3.18,
B1123,9/25/25,SE,,FL,24,46D,Reussirella,doma,Aclonal,,2.84,No objects detected on deepbryo
B1124,9/25/25,SE,10/3/2025,FL,24,46D,Reussirella,doma,Aclonal,,3.03,
B1125,9/25/25,SE,10/3/2025,FL,24,46D,Reussirella,doma,Aclonal,,3.09,
B1126,9/25/25,SE,10/3/2025,FL,24,46D,Reussirella,doma,Aclonal,,2.93,
B1127,9/25/25,SE,10/3/2025,FL,24,46D,Reussirella,doma,Aclonal,,3.47,
B1128,9/25/25,SE,10/3/2025,FL,24,46D,Reussirella,doma,Aclonal,,2.69,
B1129,9/25/25,SE,10/3/2025,FL,24,46D,Reussirella,doma,Aclonal,,3.4,
B1130,9/25/25,SE,10/3/2025,FL,24,46D,Reussirella,doma,Aclonal,,2.78,
B1131,9/25/25,SE,10/3/2025,FL,24,46D,Reussirella,doma,Aclonal,,3.43,
B1132,9/26/25,SE,10/3/2025,FL,24,46D,Reussirella,doma,Aclonal,,3.33,
B1133,9/26/25,SE,10/3/2025,FL,24,46D,Reussirella,doma,Aclonal,,3.33,
B1134,9/26/25,SE,10/3/2025,FL,24,46D,Reussirella,doma,Aclonal,,2.93,
B1135,9/26/25,SE,10/3/2025,FL,24,46D,Reussirella,doma,Aclonal,,2.69,
B1136,9/26/25,SE,10/3/2025,FL,24,46D,Reussirella,doma,Aclonal,,2.72,
B1137,9/26/25,SE,10/3/2025,FL,24,46D,Reussirella,doma,Aclonal,,2.75,
B1138,9/26/25,SE,10/3/2025,FL,24,46D,Reussirella,doma,Aclonal,,3.27,
B1139,9/26/25,SE,10/3/2025,FL,24,46D,Reussirella,doma,Aclonal,,2.99,
B1140,9/26/25,SE,10/3/2025,FL,24,46D,Reussirella,doma,Aclonal,,2.76,
B1141,9/26/25,SE,10/3/2025,FL,24,46D,Reussirella,doma,Aclonal,,2.45,
B1142,9/26/25,SE,10/3/2025,FL,24,46D,Reussirella,doma,Aclonal,,2.69,
B1143,9/26/25,SE,10/3/2025,FL,24,46D,Reussirella,doma,Aclonal,,2.6,
B1144,10/1/25,SE,10/3/2025,FL,24,46D,Reussirella,doma,Aclonal,,2.65,
B1145,10/1/25,SE,10/3/2025,FL,24,46D,Reussirella,doma,Aclonal,,2.5,
B1146,10/1/25,SE,10/3/2025,FL,24,46D,Reussirella,doma,Aclonal,,2.82,
B1147,10/1/25,SE,10/3/2025,FL,24,46D,Reussirella,doma,Aclonal,,3.28,
B1148,10/1/25,SE,10/3/2025,FL,24,46D,Reussirella,doma,Aclonal,,3.49,
B1149,10/1/25,SE,,FL,24,46D,Reussirella,doma,Aclonal,,3.13,No objects detected on deepbryo
B1150,10/1/25,SE,10/3/2025,FL,24,46D,Reussirella,doma,Aclonal,,2.88,
B1151,10/1/25,SE,10/3/2025,FL,24,46D,Reussirella,doma,Aclonal,,3.05,
B1152,10/1/25,SE,10/3/2025,FL,24,46D,Reussirella,doma,Aclonal,,3.31,
B1153,10/1/25,SE,10/3/2025,FL,24,46D,Reussirella,doma,Aclonal,,3.18,
B1154,10/1/25,SE,10/3/2025,FL,24,46D,Reussirella,doma,Aclonal,,3.24,
B1155,10/1/25,SE,10/3/2025,FL,24,46D,Reussirella,doma,Aclonal,,3.35,
B1156,10/1/25,SE,10/3/2025,FL,21,1D,Reussirella,doma,Aclonal,,2.97,
B1157,10/1/25,SE,10/3/2025,FL,21,1D,Reussirella,doma,Aclonal,,2.76,
B1158,10/1/25,SE,10/3/2025,FL,21,1D,Reussirella,doma,Aclonal,,2.88,
B1159,10/1/25,SE,10/3/2025,FL,21,1D,Reussirella,doma,Aclonal,,2.71,
B1160,10/2/25,SE,10/3/2025,FL,21,1D,Reussirella,doma,Aclonal,,2.65,
B1161,10/2/25,SE,10/3/2025,FL,21,1D,Reussirella,doma,Aclonal,,2.81,
B1162,10/2/25,SE,10/3/2025,FL,21,1D,Reussirella,doma,Aclonal,,2.52,
B1163,10/2/25,SE,,FL,21,1D,Reussirella,doma,Aclonal,,3.03,No objects detected on deepbryo
B1164,10/2/25,SE,10/3/2025,FL,21,1D,Reussirella,doma,Aclonal,,2.92,
B1165,10/2/25,SE,10/3/2025,FL,21,1D,Reussirella,doma,Aclonal,,2.93,
B1166,,,,FL,21,1D,Reussirella,doma,Aclonal,,,lost
B1167,10/2/25,SE,10/3/2025,FL,21,1D,Reussirella,doma,Aclonal,,2.38,
B1168,10/2/25,SE,10/3/2025,FL,21,1D,Reussirella,doma,Aclonal,,2.78,
B1169,10/2/25,SE,,FL,21,1D,Reussirella,doma,Aclonal,,2.74,No objects detected on deepbryo
B1170,10/2/25,SE,10/3/2025,FL,21,1D,Reussirella,doma,Aclonal,,2.8,
B1171,10/2/25,SE,10/3/2025,FL,21,1D,Reussirella,doma,Aclonal,,2.65,
B1172,10/2/25,SE,10/3/2025,FL,21,1D,Reussirella,doma,Aclonal,,2.5,
B1173,10/2/25,SE,10/3/2025,FL,21,1D,Reussirella,doma,Aclonal,,3.11,
B1174,10/2/25,SE,10/3/2025,FL,21,1D,Reussirella,doma,Aclonal,,2.68,
B1175,10/2/25,SE,10/3/2025,FL,21,1D,Reussirella,doma,Aclonal,,2.81,
B1176,10/2/25,SE,,FL,21,1D,Reussirella,doma,Aclonal,,2.7,No objects detected on deepbryo
B1177,10/2/25,SE,10/3/2025,FL,21,1D,Reussirella,doma,Aclonal,,2.46,
B1178,10/7/25,SE,11/1/2025,FL,21,1D,Reussirella,doma,Aclonal,,2.52,
B1179,10/7/25,SE,11/1/2025,FL,21,1D,Reussirella,doma,Aclonal,,2.53,
B1180,10/7/25,SE,11/1/2025,FL,21,1D,Reussirella,doma,Aclonal,,2.48,
B1181,10/7/25,SE,11/1/2025,FL,21,1D,Reussirella,doma,Aclonal,,2.6,No objects detected on deepbryo
B1182,10/7/25,SE,11/1/2025,FL,21,1D,Reussirella,doma,Aclonal,,2.39,
B1183,10/7/25,SE,11/1/2025,FL,21,1D,Reussirella,doma,Aclonal,,2.82,
B1184,10/7/25,SE,11/1/2025,FL,21,1D,Reussirella,doma,Aclonal,,2.74,
B1185,10/7/25,SE,11/1/2025,FL,21,1D,Reussirella,doma,Aclonal,,2.7,
B1186,10/7/25,SE,11/1/2025,FL,21,1D,Reussirella,doma,Aclonal,,2.97,
B1187,10/7/25,SE,11/1/2025,FL,21,1D,Reussirella,doma,Aclonal,,3.23,
B1188,10/7/25,SE,11/1/2025,FL,21,1D,Reussirella,doma,Aclonal,,2.99,
B1189,10/7/25,SE,11/1/2025,FL,21,1D,Reussirella,doma,Aclonal,,2.82,
B1190,10/7/25,SE,11/1/2025,FL,21,1D,Reussirella,doma,Aclonal,,2.46,
B1191,10/7/25,SE,11/1/2025,FL,21,1D,Reussirella,doma,Aclonal,,2.52,
B1192,10/7/25,SE,11/1/2025,FL,21,1D,Reussirella,doma,Aclonal,,2.56,
B1193,,,11/1/2025,FL,21,1D,Reussirella,doma,Aclonal,,2.61,
B1194,10/15/25,SE,11/1/2025,FL,21,1D,Reussirella,doma,Aclonal,,2.78,
B1195,10/15/25,SE,11/1/2025,FL,21,1D,Reussirella,doma,Aclonal,,2.69,
B1196,10/15/25,SE,11/1/2025,FL,21,1D,Reussirella,doma,Aclonal,,2.74,
B1197,10/15/25,SE,11/1/2025,FL,21,1D,Reussirella,doma,Aclonal,,2.66,
B1198,10/15/25,SE,11/1/2025,FL,21,1D,Reussirella,doma,Aclonal,,2.8,
B1199,10/15/25,SE,11/1/2025,FL,21,1D,Reussirella,doma,Aclonal,,3.07,
B1200,10/15/25,SE,11/1/2025,FL,21,1D,Reussirella,doma,Aclonal,,2.75,
B1201,10/15/25,SE,11/1/2025,FL,21,1D,Reussirella,doma,Aclonal,,2.63,
B1202,10/15/25,SE,11/1/2025,FL,21,1D,Reussirella,doma,Aclonal,,3.34,
B1203,10/15/25,SE,11/1/2025,FL,21,1D,Reussirella,doma,Aclonal,,2.5,
B1204,10/15/25,SE,11/1/2025,FL,21,1D,Reussirella,doma,Aclonal,,2.77,
B1205,10/15/25,SE,11/1/2025,FL,21,1D,Reussirella,doma,Aclonal,,2.64,
B1206,10/15/25,SE,11/1/2025,FL,21,1D,Reussirella,doma,Aclonal,,2.98,
B1207,10/15/25,SE,11/1/2025,FL,21,1D,Reussirella,doma,Aclonal,,2.58,
B1208,10/7/25,SE,-,FL,21,1D,Reussirella,doma,Aclonal,,2.9,tilt 1 not yet uploaded
B1209,10/7/25,SE,-,FL,21,1D,Reussirella,doma,Aclonal,,2.77,tilt 1 not yet uploaded
B1210,10/7/25,SE,-,FL,21,1D,Reussirella,doma,Aclonal,,2.42,tilt 1 not yet uploaded
B1211,10/7/25,SE,-,FL,21,1D,Reussirella,doma,Aclonal,,2.71,tilt 1 not yet uploaded
B1212,10/8/25,SE,11/1/2025,FL,21,1D,Reussirella,doma,Aclonal,,3.56,
B1213,10/8/25,SE,11/1/2025,FL,21,1D,Reussirella,doma,Aclonal,,2.75,
B1214,10/8/25,SE,11/1/2025,FL,21,1D,Reussirella,doma,Aclonal,,4.46,
B1215,10/8/25,SE,,FL,21,1D,Reussirella,doma,Aclonal,,,lost
B1216,10/8/25,SE,11/1/2025,FL,21,1D,Reussirella,doma,Aclonal,,2.55,
B1217,10/8/25,SE,11/1/2025,FL,21,1D,Reussirella,doma,Aclonal,,2.69,
B1218,10/8/25,SE,-,FL,21,1D,Reussirella,doma,Aclonal,,3.33,No objects detected
B1219,10/8/25,SE,11/1/2025,FL,21,1D,Reussirella,doma,Aclonal,,2.89,
B1220,10/8/25,SE,11/1/2025,FL,21,1D,Reussirella,doma,Aclonal,,3.1,
B1221,10/8/25,SE,11/1/2025,FL,21,1D,Reussirella,doma,Aclonal,,2.85,
B1222,10/8/25,SE,11/1/2025,FL,21,1D,Reussirella,doma,Aclonal,,2.38,
B1223,10/8/25,SE,11/1/2025,FL,21,1D,Reussirella,doma,Aclonal,,2.88,
B1224,10/8/25,SE,11/1/2025,FL,21,1D,Reussirella,doma,Aclonal,,2.63,
B1225,10/8/25,SE,11/1/2025,FL,21,1D,Reussirella,doma,Aclonal,,2.64,
B1226,10/8/25,SE,11/1/2025,FL,21,1D,Reussirella,doma,Aclonal,,2.64,
B1227,10/8/25,SE,11/1/2025,FL,21,1D,Reussirella,doma,Aclonal,,2.5,
B1228,10/8/25,SE,11/1/2025,FL,21,1D,Reussirella,doma,Aclonal,,2.54,
B1229,10/15/25,SE,11/1/2025,FL,21,1D,Reussirella,doma,Aclonal,,2.87,
B1230,10/15/25,SE,11/1/2025,FL,21,1D,Reussirella,doma,Aclonal,,2.89,
B1231,10/15/25,SE,11/1/2025,FL,21,1D,Reussirella,doma,Aclonal,,2.79,
B1232,10/15/25,SE,11/1/2025,FL,21,1D,Reussirella,doma,Aclonal,,2.76,
B1233,10/16/25,SE,11/1/2025,FL,21,1D,Reussirella,doma,Aclonal,,2.45,
B1234,10/16/25,SE,11/1/2025,FL,21,1D,Reussirella,doma,Aclonal,,2.57,